{
    "nodes": [
        {
            "global_data": {
                "constraints": {
                    "MaxNonServedDemandConstraint": true,
                    "MaxNonServedDemandPerSegmentConstraint": true,
                    "BalanceConstraint": true
                },
                "max_nsd": [
                    1
                ],
                "time_interval": "Electricity",
                "price_nsd": [
                    50000
                ]
            },
            "instance_data": [
                {
                    "demand": {
                        "timeseries": {
                            "header": "elec_demand_SE",
                            "path": "system/demand.csv"
                        }
                    },
                    "id": "elec_SE"
                },
                {
                    "demand": {
                        "timeseries": {
                            "header": "elec_demand_MIDAT",
                            "path": "system/demand.csv"
                        }
                    },
                    "id": "elec_MIDAT"
                },
                {
                    "demand": {
                        "timeseries": {
                            "header": "elec_demand_NE",
                            "path": "system/demand.csv"
                        }
                    },
                    "id": "elec_NE"
                }
            ],
            "type": "Electricity"
        },
        {
            "global_data": {
                "time_interval": "NaturalGas"
            },
            "instance_data": [
                {
                    "price": {
                        "timeseries": {
                            "header": "MIDAT_reference_naturalgas",
                            "path": "system/fuel_prices.csv"
                        }
                    },
                    "id": "MIDAT_reference_naturalgas"
                },
                {
                    "price": {
                        "timeseries": {
                            "header": "NE_reference_naturalgas",
                            "path": "system/fuel_prices.csv"
                        }
                    },
                    "id": "NE_reference_naturalgas"
                },
                {
                    "price": {
                        "timeseries": {
                            "header": "SE_reference_naturalgas",
                            "path": "system/fuel_prices.csv"
                        }
                    },
                    "id": "SE_reference_naturalgas"
                }
            ],
            "type": "NaturalGas"
        },
        {
            "global_data": {
                "time_interval": "Uranium"
            },
            "instance_data": [
                {
                    "price": {
                        "timeseries": {
                            "header": "NE_reference_uranium",
                            "path": "system/fuel_prices.csv"
                        }
                    },
                    "id": "NE_reference_uranium"
                },
                {
                    "price": {
                        "timeseries": {
                            "header": "SE_reference_uranium",
                            "path": "system/fuel_prices.csv"
                        }
                    },
                    "id": "SE_reference_uranium"
                },
                {
                    "price": {
                        "timeseries": {
                            "header": "MIDAT_reference_uranium",
                            "path": "system/fuel_prices.csv"
                        }
                    },
                    "id": "MIDAT_reference_uranium"
                }
            ],
            "type": "Uranium"
        },
        {
            "global_data": {
                "time_interval": "CO2"
            },
            "instance_data": [
                {
                    "constraints": {
                        "CO2CapConstraint": true
                    },
                    "rhs_policy": {
                        "CO2CapConstraint": 0
                    },
                    "id": "co2_sink_1"
                }
            ],
            "type": "CO2"
        },
        {
            "global_data": {
                "time_interval": "Electricity"
            },
            "instance_data": [
                {
                    "id": "water_node"
                }
            ],
            "type": "Electricity"
        }
    ]
}