elec_demand_ERC_REST,elec_demand_ERC_WEST,elec_demand_ERC_PHDL,elec_demand_FRCC,elec_demand_MIS_MAPP,elec_demand_MIS_IL,elec_demand_MIS_INKY,elec_demand_MIS_IA,elec_demand_MIS_MIDA,elec_demand_MIS_LMI,elec_demand_MIS_MO,elec_demand_MIS_WUMS,elec_demand_MIS_MNWI,elec_demand_MIS_WOTA,elec_demand_MIS_AMSO,elec_demand_MIS_AR,elec_demand_MIS_D_MS,elec_demand_MIS_LA,elec_demand_NENG_CT,elec_demand_NENGREST,elec_demand_NENG_ME,elec_demand_NY_Z_C&E,elec_demand_NY_Z_F,elec_demand_NY_Z_G-I,elec_demand_NY_Z_J,elec_demand_NY_Z_K,elec_demand_NY_Z_A,elec_demand_NY_Z_B,elec_demand_NY_Z_D,elec_demand_PJM_WMAC,elec_demand_PJM_EMAC,elec_demand_PJM_SMAC,elec_demand_PJM_West,elec_demand_PJM_AP,elec_demand_PJM_COMD,elec_demand_PJM_ATSI,elec_demand_PJM_Dom,elec_demand_PJM_PENE,elec_demand_S_VACA,elec_demand_S_C_KY,elec_demand_S_D_AECI,elec_demand_S_C_TVA,elec_demand_S_SOU,elec_demand_SPP_NEBR,elec_demand_SPP_N,elec_demand_SPP_WEST,elec_demand_SPP_SPS,elec_demand_SPP_WAUE,elec_demand_WEC_CALN,elec_demand_WEC_LADW,elec_demand_WEC_SDGE,elec_demand_WECC_SCE,elec_demand_WECC_MT,elec_demand_WEC_BANC,elec_demand_WECC_ID,elec_demand_WECC_NNV,elec_demand_WECC_SNV,elec_demand_WECC_UT,elec_demand_WECC_PNW,elec_demand_WECC_CO,elec_demand_WECC_WY,elec_demand_WECC_AZ,elec_demand_WECC_NM,elec_demand_WECC_IID
57324.39563572845,23473.871450176972,1441.3616189402978,34099.561838019144,11116.558223370863,5520.532677207504,14034.296547084821,4509.34464018582,4666.2963352913885,19718.124280633194,17018.46325308103,10753.33689435711,9694.902472542179,7353.202056404029,8747.60852629103,6251.381018341308,7299.731619352672,8475.154624989196,3912.67337829488,9670.947692100242,2713.0517268038125,2030.839563626668,1269.1758557760838,2389.785314612686,7827.65604340718,2750.4959748057427,1555.940890169553,2062.969862404099,583.2582621146307,5826.97560636804,20784.361808645244,10713.510992799575,20943.543584916082,8999.657316761824,13988.757658862101,9774.609066809633,19546.620056522013,2927.9310296502645,24915.686327945576,11751.824313245801,1078.1748237691058,31087.445377331038,33822.47005840162,7373.712408215631,10752.239855320937,13789.35907271786,2803.741771303021,13757.616199880527,23779.81593312414,20815.54081101482,8405.055391779431,18562.9883317445,4802.597304887117,4657.999651579192,5475.611086624408,2516.8701494474976,7197.8415587783375,8572.138231554301,36385.123803748356,18070.36031759423,7495.890781301112,19350.321174090106,9070.02811364826,2230.2975376628438
50699.99149964596,23168.142299541774,1380.2628433815516,31936.06947388948,10971.35843061219,5424.274066461525,13218.062071873605,4178.901711099287,4174.838899624161,18919.352676474286,16062.440383317486,10674.55370570737,9473.992518902083,6855.158694292593,7926.033146004136,5567.599028138111,6517.4560761622615,7491.404273371652,3671.7023661089047,9024.617865033093,2642.112918602956,1972.8153905410343,1233.5914718995718,2323.163745616763,7583.933834541662,2669.4714718299783,1516.5938765941419,2033.0643278383382,576.5564775372902,5697.997192546878,20179.67647494282,10390.79476466533,20144.56571108776,8809.142251772275,12946.113347873274,9492.099210091119,19049.93494518818,2865.313955254473,24312.95991937432,11503.707926720213,939.5325691273871,28837.988988107918,31798.00212882909,6882.625236417986,9319.648619473724,11887.741273928146,2505.309203017495,13604.340118147624,20974.45887601235,18781.46120269447,7734.1915906904915,16442.17029303058,4554.2913519674075,4331.913432812563,4913.521823460464,2288.5127583722833,6581.084416834936,7939.788499287644,31892.81223741936,16734.823213124808,7060.839944457118,17345.488382321102,8415.260370289872,2193.4393980374302
48526.575023384874,23067.834895285534,1360.2168013553362,31461.312039573582,10933.806647681851,5397.766190116337,13074.184981551141,4141.633747489189,4119.7424230411425,18797.497621980398,15929.613275444928,10726.819655852834,9416.013035381697,6713.310374696018,7771.740663896606,5437.17876893893,6402.14906352573,7306.655207828906,3536.4719866166433,8623.732419952928,2589.683102561982,1934.0715026798255,1209.8310756992948,2278.679207367492,7421.195696500371,2615.36980917028,1490.3210973341022,2013.0958109932972,572.081563523456,5650.305283903932,19891.85015249648,10188.422842034828,19754.949094363084,8705.443126935792,12584.95707714933,9250.101264687546,18715.49319092285,2842.1602521184363,24110.06871197368,11503.98479514943,920.2350797182115,28067.88503349271,31182.512702679065,6783.680238989029,9055.835389114372,11520.225372181754,2429.883199450981,13569.027690608684,18055.86510347776,16665.277072843466,7036.248735965735,14235.74658798832,4323.76766365815,3992.6649194285724,4467.602716964941,2017.152919501236,5848.1844727207235,7276.370684272235,27986.733097157237,14811.334774041698,6371.729778063298,15347.097007998316,7419.409260724616,2155.0934983783754
47683.267231466234,23028.91459867104,1352.438732113595,32411.794589892084,10951.352256335937,5432.0978188098115,13209.21169911892,4138.668822870355,4115.957026186898,19017.774660529423,15877.479530182269,11171.057670242093,9769.591038242737,6642.470755278444,7627.3850324687355,5318.809087767987,6311.375328645868,7133.8044786544015,3521.0043987669596,8580.428008868119,2582.8091325338323,1948.5031374987734,1218.6815397416522,2295.2491663051014,7481.813708042047,2635.522032228217,1500.1073934660303,2020.5338446776764,573.7484155520056,5766.092727797329,20260.398696921144,10211.220828796975,20086.594223612774,8816.376098801244,12485.501192611768,9373.360216340072,18841.85142187155,2898.3733104871753,25462.020667575638,11719.985791750723,912.6136891162986,27966.11161244303,31383.36000804472,6758.72510805374,8957.010875285496,11240.439625893217,2393.314720698426,13579.608548310922,14935.734452012319,14402.964643837495,6290.111019111929,11876.963292138107,4085.5220217105198,3629.990368833122,4081.696240231714,1656.5878591837713,4874.355353511421,6632.415095415011,23638.75842645731,14498.5420266346,6309.88030508574,13284.931793682474,7234.252547723397,2114.0997099660767
48243.09793994864,23054.75186981824,1357.602210914086,35223.268399069144,11026.896836790682,5605.137394018302,13677.19356700652,4243.511131003552,4274.460166729853,19661.970488320658,16065.820336177685,12000.140265309117,10535.150520629777,6678.2982533185905,7663.331830513952,5339.787041238607,6370.688110259453,7176.84700027129,3499.6111419618333,8511.835990521771,2579.9758472871404,1973.5321949836716,1234.0310657378925,2323.9867587122603,7586.944668954881,2670.4724120459978,1517.0799513498698,2033.4337677283925,576.6392684172215,5906.741697324373,20768.487562814058,10359.551514223727,20765.732071941457,8967.299928447857,12614.311307937465,9560.266390918068,19056.203149950215,2966.6562652860644,28039.09624392203,12215.257772725101,939.7634417041164,28315.616878559995,33182.80145728709,6857.975869964791,9185.362360778823,11317.394595757203,2422.0169920986145,13658.701439164446,14196.553946365682,13867.0072016527,6113.345840169999,11318.151235873023,4053.8127487423317,3544.0702625509757,4034.1308051043566,1581.6325717600553,4671.912991644784,6567.113507679497,22860.345466994684,14293.720028464175,6258.500650901382,12886.06329649818,7117.685264427793,2104.3879989914235
50824.88883982014,23173.906554507215,1381.4148069207233,38443.26436250118,11160.15877254305,6042.224676989582,14668.738062281775,4420.683061258626,4540.587103560388,21218.732018298324,16450.10653164562,12984.031081527175,12063.429961882766,6836.1770195535355,7789.818068855351,5453.514722789041,6519.7492482382995,7328.301003566685,3707.344712605975,9033.735871403067,2667.4159343266874,2140.1254434913126,1336.1974177174773,2515.2639955086324,8286.695694047283,2903.101926783654,1630.0491933895573,2119.2955727770363,595.8807670763425,6499.474684392681,22964.329012315688,11145.65432803526,22589.73630246311,9659.380800582388,13263.544932579192,10457.413372718627,20402.48060249319,3254.4191935186127,30789.443885494602,12644.132606109535,995.3108906591895,30173.839224059862,36589.13211092894,7081.018371443682,9691.72914159017,11679.000561424155,2513.374307996925,13808.256696139902,13692.660584556785,13501.649358302842,5992.8464476285035,10937.213579792657,4069.918040464318,3485.499222357906,4026.9790442828703,1534.7979007776828,4545.419966428723,6569.830680580653,22653.30782029002,14273.873511298441,6289.570322352791,12586.55517481139,7228.085377156695,2097.7676035077834
56489.79718804826,23435.35310047384,1433.6638790907457,40906.66873231345,11327.31691544031,6585.150115530941,16001.811122331637,4690.420236972619,4940.953838108982,23039.2429628436,17175.654968780047,13914.576709971214,13461.28948690551,7214.847529703058,8239.827479457079,5859.942886587541,6910.180802246436,7867.140076602883,4452.034379597659,10903.71050726723,2938.360683336979,2531.2131284807056,1576.0390810072101,2964.29882888061,9929.403363917076,3449.21372002297,1895.2512914752447,2320.861329925664,641.0513440254884,7697.34344747672,27361.51251817949,12280.453876274763,25365.880632167613,10914.65391885781,14903.46897868412,12038.036704406406,22495.349235250233,3835.966418227383,32903.43833431291,13035.393128126429,1100.4572375332086,32408.914542968487,39098.586947110685,7531.593175643347,10787.386076449155,12922.187863790328,2709.6774903703986,14007.100510756187,13692.950360815878,13501.859465580817,5992.915743712821,10937.432647909152,4168.174498257,3485.5329047904565,4122.445877901791,1526.2860813090626,4522.430890327217,6731.379894685451,23423.01458526911,14454.432825545944,6355.306823738,12856.197539084162,7462.209096624809,2097.7714105981822
59734.32640138372,23585.094446776897,1463.5891005288256,44378.41989169816,11455.62285842676,6909.179305532053,17131.764448332407,4908.3084240392855,5262.567399365034,24450.188179048317,17753.402415198903,14574.213965678318,14436.813029633962,7445.747243045069,8572.528406318155,6192.019112104937,7199.021614478944,8265.514543337284,5490.544974219977,13600.706755394001,3342.4042872030996,2910.905104844076,1808.8921186915559,3400.2494619642334,11524.244991592812,3979.4126354676687,2152.7257991965885,2516.5537631639004,684.9057181192699,8457.963146915623,30746.127856247374,13317.662172633385,27624.38825514744,11784.530971923292,16940.491150476224,13259.487327302037,24112.678435394893,4205.23581455065,35425.415515758104,13462.348526400703,1184.1768619471948,34347.21426421405,41483.64279920255,7969.152911149144,11723.427054671773,13862.184695773933,2848.577022453391,14135.765606770312,13999.320807745791,13723.999421948947,6066.180160109024,11169.045225039768,4331.615466732417,3521.1444797646786,4361.97128990279,1528.3456792311677,4527.9935358058065,7101.5759242133545,25196.763728720558,15404.034438523886,6644.147881983712,13273.695991967219,7931.6230266696375,2101.796653763499
63066.37259153778,23738.874868874933,1494.321516308401,48153.92873767922,11538.98341381616,7002.161128894116,17658.690096143127,5128.715879887518,5592.292426839107,25068.69934451338,18221.030216713963,14679.565345676328,14575.555449802041,7689.518517522466,8949.725657268866,6546.282423536903,7586.02381441551,8717.168691133687,5762.330705656383,14500.336077981525,3387.5692335368253,2928.5189649742438,1819.6941402856753,3420.473153094836,11598.22949023566,4004.0084931183183,2164.6700067970996,2525.6319090116294,686.9401166839859,8302.669591258658,30287.586563930712,13587.354799587116,28480.397792760185,11795.76703829356,18156.22833367292,13530.88705462618,24567.268842449277,4129.843135219266,37477.79551959893,13874.675423714996,1251.7555171070298,36075.26286608599,44581.25733996851,8246.167770225175,12509.133830963148,14780.149810172245,2995.5525327919822,14215.03801196777,15474.533208295563,14793.631343881425,6418.957570336456,12284.28902710502,4577.228641422141,3692.6187068823524,4911.308616064087,1630.08024103005,4802.762473512739,7683.408914105817,28869.70612600141,16458.82771024969,6934.521009746574,14611.17749053057,8369.949108136336,2121.1787096548187
66003.1677153815,23874.413680018537,1521.4084188046293,50981.79768177445,11554.433586459096,7114.439203605944,17903.869590425515,5188.734219978891,5683.244818020801,25061.88179737126,18401.408492785496,14523.526091662412,14462.960533018284,7899.775514431733,9257.59446741647,6813.555177644277,7902.484793426655,9085.809302318841,5618.997920826502,14294.160398154601,3324.838280431967,2872.9305075561383,1785.6035034850183,3356.6481990915963,11364.73815253479,3926.3852039969615,2126.974686537911,2496.9817371919266,680.5196570778585,8045.616156886556,29361.243762058235,13749.808879068927,28784.119293932847,11664.647046403245,18505.09029840683,13526.90893077029,24412.666999406003,4005.0475680474083,38965.33238771703,14212.154851883797,1277.9186392454083,37632.419856004766,47420.02483343433,8325.161767781863,12820.897484109079,15480.243851136687,3102.80806046192,14203.23641710983,17489.50889851421,16254.629316736391,6900.812188571019,13807.587740977986,4821.333045330421,3926.833387295357,5352.0068037191095,1753.3077240347272,5135.580389725822,8153.49041299151,33462.219852575785,17413.796852043597,7094.806762720343,16105.629886821005,8851.920523973113,2147.652436908245
68402.22805096129,23985.134986183846,1543.5356386879484,53161.37250275368,11548.312590790167,7269.641320297422,18227.926853977842,5194.255581492003,5692.714958774084,25209.878332068085,18438.991127281195,14600.060595641278,14614.745255478338,8082.709452032765,9568.847672033844,7061.602227204294,8165.93143742336,9458.502374998392,5627.590019120469,14451.583895346155,3338.0993579104374,2898.8842743649825,1801.5201244882426,3386.447514206467,11473.753223219412,3962.6268428295366,2144.5743037751954,2510.3582532010523,683.5173137605135,8129.853325935226,29705.729879541315,13790.377849553393,29591.93702180764,11769.17401283699,18926.350587856265,13923.714295166179,24903.618712255113,4045.943444008538,40898.11279975371,14552.622638056604,1283.3949573769785,39416.820302125656,50440.274719120804,8336.776910499158,12918.842808581952,16008.745987038203,3180.739992908162,14192.332710907225,20035.29689364872,18100.503238422778,7509.603502890241,15732.174505149316,5006.399131112921,4222.748084306397,5657.134342025548,1937.4101246304906,5632.81181244965,8471.231838355068,36754.52747615361,17490.301779808884,7025.726656752941,17388.251138450567,9131.218861162979,2181.100232854775
71153.26874383094,24112.10087530808,1568.9092747524662,55895.25408709449,11560.1707388443,7407.7750037506685,18951.296474420265,5274.5957394133575,5814.931142233367,25496.926931190243,18655.82068910663,14838.855746202571,14972.068227911046,8290.686530137611,9916.1624484072,7363.681028178937,8470.88773917832,9874.37539012084,5809.117295374056,14971.968797317704,3395.8131675343243,2942.868710347512,1828.494383112441,3436.9490888769533,11658.503531356317,4024.04636557535,2174.4007728989336,2533.0277378692685,688.5975104481686,8277.896023731158,30465.919399047525,14209.479936172354,30779.612559907844,12030.766339931031,19508.659183188163,14468.458093521956,25569.21294975814,4117.815941077542,43732.68104753031,14924.998629400434,1314.81105757061,41389.23882981585,54081.50945291214,8401.734362273806,13221.50942441498,16738.069944814073,3284.235928983627,14208.730437511507,20974.553903495853,18781.530103432327,7734.214315681887,16442.242127681275,5025.822879006349,4331.9244779711435,5714.178873194249,2009.89470426125,5828.581179760495,8613.66344864352,37212.78569377294,17575.834572938125,7065.3331425152855,18136.096056273,9298.103431446401,2193.4406464437448
74564.14591444863,24269.51950008365,1600.3687715710766,58662.755914748086,11597.87182498346,7448.852006934794,19702.593064377463,5350.75488534188,5928.69049959263,25977.290232306914,18903.19811095296,15022.20808853616,15341.674304226015,8553.848191702236,10375.126961350456,7747.361139144168,8888.61058101252,10423.937262971296,5909.609134398771,15325.898758975924,3426.4458948772494,2972.410013093396,1846.611126956032,3470.867503144233,11782.587531511412,4065.2976101956756,2194.4331487871527,2548.253262176456,692.0095270843991,8394.51674132178,31065.06895567233,14540.117502724366,31780.84813068867,12249.259173025288,20026.928100745296,14906.647653138149,26033.64500943662,4174.433540946137,46138.71090843602,15209.384591640961,1350.7212036751635,43519.811918505366,57690.35489502436,8531.923617425471,13714.192646463996,17726.466803458894,3419.1078785653635,14247.184410638354,21473.290786911046,19143.149146594333,7853.480602852306,16819.281542933197,5017.5593636124695,4389.896144662321,5726.2423313215295,2034.359343779476,5894.656297190056,8616.811801864915,36674.73254009883,18052.569575564106,7128.183818817406,18763.769444078367,9578.467217109415,2199.993292683038
77569.91267643005,24408.2414837926,1628.09181865515,60024.32754910686,11637.489740037236,7484.3798014307895,19840.516005841037,5414.376434067475,6022.888303481347,26030.867248719995,19105.65329704671,14857.043699469783,15227.694820835144,8785.190506570842,10776.566629604129,8089.704275063546,9294.215741159245,10904.619162571313,5835.606260885442,15180.968783092772,3389.9663324252356,2938.984196916097,1826.1121350000242,3432.4890108212066,11642.187196316034,4018.6220624129605,2171.766629187382,2531.0256683546,688.1488497061694,8363.511134838896,30996.431537181812,14478.978500540743,31944.689781697976,12217.508624920309,20181.046435383152,14985.893356585255,25865.23018580588,4159.380787278362,46975.28223113119,15309.856736296584,1380.1073799607134,45038.05545226749,59775.17839483414,8659.51335681355,14094.250298199733,18684.099062765275,3546.777097501309,14287.282675730186,22632.208966406066,19983.44569785891,8130.620462819839,17695.41051684436,5052.528962999755,4524.605289669693,5832.801023470353,2028.9950529482041,5880.168199517154,8756.383572933748,37004.66708793547,18625.854909756137,7249.814739274844,19849.6673928664,9966.064270312496,2215.2197212947362
79070.27525629272,24477.486138030883,1641.9300919246054,61467.524635611415,11651.196806880807,7642.546214350651,20076.94541157875,5395.09374235403,5994.20769253903,26074.285737808183,19088.601547739076,14975.859209473416,15488.520845786801,8887.505001003934,10906.568704614427,8190.103436202592,9358.233913088712,11060.283011331643,6000.148538958873,15621.088143367995,3438.609689079192,2975.624287043574,1848.5823388230283,3474.558033657714,11796.08863205411,4069.785997979003,2196.6127935672307,2549.909892360295,692.3807753266738,8458.282162052568,31587.501196220568,14702.901279722879,32776.33060891798,12404.661277306368,20314.344493804016,15438.60197455681,26406.041666280733,4205.390692111793,48525.522901873104,15512.757220671489,1377.6872924000706,45711.348170045014,62191.34439060655,8665.912252213702,14125.934516324363,19029.66322743559,3600.7067321712293,14298.177141277183,23926.113996179345,20921.617124082903,8440.04062784685,18673.588006232065,5140.256456157423,4675.004897426742,5934.811633850327,2361.3058762108626,6777.68709781309,8967.584552099665,37957.11768236423,19007.836358644916,7360.564474378483,21149.84776530215,10362.226676532851,2232.2196732389925
81830.32636627217,24604.867873732095,1667.3868341343266,64740.28959552118,11722.845099628668,7954.4007520792065,21090.984481943546,5431.10601803649,6047.153024881294,26979.859708172324,19263.071565516577,15762.426626194085,16612.57573536511,9066.383732013266,11095.788940781957,8378.674793971464,9546.315465251942,11286.854393797425,6462.783008213501,16866.551627266846,3616.021569694653,3161.2405584873572,1962.414906739662,3687.676919364114,12575.743131563797,4328.979112545203,2322.4818165618744,2645.576121429604,713.8194305874368,8982.884380562879,33868.67095890048,15399.823995008222,34733.95160475161,13047.799651362071,20907.77494179591,16456.093885788294,27543.415129267643,4460.077160081946,51758.99300339942,15972.868494640903,1403.0862329478796,47507.04954112353,66100.09978341173,8790.643505902592,14398.84074228999,19715.62082291387,3709.167727992687,14379.36514527678,24746.903390251013,21516.746699570678,8636.321487347868,19294.09545310001,5165.368423420534,4770.410973722278,5965.835428733553,2490.858010657274,7127.586890656245,8982.095314925518,38564.25177972942,19180.76216851327,7358.7840143387975,22017.477042047165,10498.13300840287,2243.0036015776514
86754.80302705811,24832.142061940835,1712.8066919724251,68222.85339884029,11896.181568011689,8284.150981987888,22533.368675733265,5704.737479763016,6457.823552274012,28595.306680452533,19963.216663751165,16712.174138171522,18051.481196415538,9425.931566766702,11649.376958616975,8901.053224761297,10088.854555521371,11949.7179835364,7034.728947332024,18498.9808481868,3846.359959993373,3441.323315774242,2134.180771686933,4009.259314102947,13752.190537655382,4720.084491195245,2512.409900809266,2789.9301762647324,746.1689528402363,9736.556823298268,37090.95011022423,16365.305836873986,37134.34119983405,13935.890951018737,22077.83359120862,17731.927559248845,28979.738565001237,4825.973769618224,54802.79386397366,16364.870700560508,1504.4867062688813,50264.816878631595,69774.9325180866,9134.073543892835,15395.340517241113,21255.900326502036,3929.4742725503675,14578.966862024969,25062.17986174215,21745.344138499924,8711.715657758921,19532.44087464593,5182.7762529704805,4807.057756605615,5972.804994691928,2542.167815811643,7266.16655088609,9037.514666798028,38093.84414770356,19784.020424977774,7558.4173775287345,22057.286471511034,10807.556408739336,2247.145856639357
90906.65731655517,25023.758228918512,1751.1004321202813,69859.12575122398,12069.715525577109,8106.069488928171,23990.91163902357,6010.166133071988,6914.375602691754,30097.503298633703,20729.24890851605,17621.144612204516,19039.87707846573,9728.96494796729,12115.557047129094,9365.962188178622,10567.445641877344,12507.919754889079,7517.419782785786,19880.044946253038,4053.1883512840523,3712.2503051157664,2300.331694814849,4320.329339147276,14890.180462326533,5098.404827865369,2696.1293301174614,2929.5653685331504,777.4609850358416,10455.150323950438,40023.46811501683,16971.22786969736,38966.80157760424,14677.421829949411,23315.035758945905,18764.35711622785,30168.848392298794,5174.840080126677,56339.85853264807,16447.643653381947,1615.410305482361,52200.044952580254,69844.77788359862,9550.013991476659,16419.146473644752,22568.15560337147,4127.549884402726,14823.014923928917,25849.60646136258,22316.283366664687,8900.018250316527,20127.726433284708,5303.970316990291,4898.585843736758,6163.877860963775,2642.6324162542005,7537.505520935009,9280.683622499208,38698.815937458996,21168.915887567455,7945.713529538198,22779.18514077968,11531.120847463626,2257.491448664396
92463.057917084,25095.589145618247,1765.4555605895355,66138.13796937292,12101.629876519035,7511.683128540423,23250.726272464835,6179.8213281386315,7166.18760307036,29481.310981570507,21216.906674277918,16627.479299358372,17276.223319823555,9864.767649054043,12409.043965767596,9659.791002460892,10764.954862793647,12859.3395593992,6918.466699898522,18289.732712254954,3824.279866143077,3443.328265902395,2135.4103435832367,4011.5613359193976,13760.612042434694,4722.884187847252,2513.769486106263,2790.963523621232,746.4005243236677,9717.51821664651,36828.68969669974,15765.283277499151,36340.322337718135,13720.890516754349,22646.885181069672,17247.293877999124,28203.67424069847,4816.730814239784,51750.634338951895,15965.28079723506,1686.1273644513196,50254.57922613658,64282.478470779366,9832.606495232118,17134.126238489916,23374.105055306827,4211.0222871455,14869.301229208491,27819.98864759862,23744.947933670323,9371.20892539411,21617.312966393714,5564.325423256328,5127.617109605056,6581.681723193601,2939.9630373530044,8340.548435038858,9796.259978927397,41570.677259540746,22911.79276235762,8495.697111798198,25138.200216463498,12224.033801202628,2283.3792851629237
85891.90084926072,24792.317451887906,1704.8478980505442,58365.39563001481,11905.323489378688,7222.6804580378575,20368.821567790954,5832.203061079787,6648.331063014547,26943.108660100428,20312.124690809404,14837.544405885365,15091.095391343873,9365.922718241036,11568.380727042675,8866.46191477319,9965.496650680927,11852.733501098082,5983.388091883975,15722.103826629107,3442.798034665179,3019.2868418467383,1875.359197806073,3524.6900342166878,11979.4869180573,4130.756049459665,2226.220990778277,2572.413479706444,697.423794706653,8488.596278606045,32070.754107321638,14275.378295330045,31808.439560572057,12253.155302659892,20416.78485660841,14916.862938091983,25761.145786618552,4220.107738329385,44188.77864798419,15032.502566708774,1555.055757373855,45899.08525278951,57645.74987259925,9406.29240734293,15821.068656807738,21149.492648297466,3917.936065826125,14620.848326043095,29929.48368947442,25274.479025736317,9875.666586343898,23212.067229893924,5827.711851693311,5372.818433138332,6953.436185834224,3204.643843519625,9055.409372665512,10341.860428373539,45432.98896570303,24237.471362489912,8923.81236206029,27201.27436918505,12534.681933973172,2311.0948523729007
78501.3908509968,24451.231021856933,1636.6831081951393,51187.329189042226,11642.165790524943,7023.652773889258,18721.931730921548,5381.118056246532,5974.412374374383,25101.95168551875,19253.658583797933,13736.887690329382,14141.50189306501,8811.19202290232,10656.661544964169,7993.8951144801,8965.67585544243,10761.045394330235,5942.542296985806,15567.771105094682,3409.56520499838,3003.7791572802835,1865.848827296733,3506.8845880892513,11914.349116548481,4109.101238337039,2215.705009069399,2564.420851732686,695.632659076107,8366.856739263043,31673.41609467129,14135.643130000513,30399.706583847037,12113.792922010953,19332.464979272587,14557.26508147837,25653.35518528786,4161.005027428864,39375.283855385525,14174.002553884045,1401.9010316565918,42427.27725841066,51913.77177677204,8822.247959514865,14216.845297218582,18766.471978127312,3599.2636650658046,14329.955508306044,31097.753283813166,26121.555997843454,10155.042711725686,24095.26575345401,5928.145838245935,5508.614557696579,6979.113127418475,3325.463040358753,9381.722887123698,10482.254884486434,48326.58593425843,22290.5177929924,8421.626846281519,27221.218837379394,11579.78116309474,2326.444144723217
72904.99662764683,24192.946530508747,1585.0659619521223,45101.00088188206,11438.71516905645,6651.433303397568,17460.229443941647,5119.203323613213,5579.066608163971,23342.65164733908,18640.723961022315,12619.67065490156,12633.768817955697,8419.765172687654,10119.397745033873,7506.621203033419,8412.838412220559,10117.728338921146,5581.639121508324,14152.638618291412,3249.1836447688383,2662.2129839261106,1656.3771340712924,3114.708828432514,10479.649448888136,3632.1408973031935,1984.0841491313768,2388.378375739813,656.1818103604836,7666.304204459253,28598.022671700543,13421.127337078593,28542.849227282677,11413.072046895091,18585.725600377908,13776.346053813537,24424.04642580153,3820.8973332768855,34804.74111466518,13442.780288869528,1313.225966203204,39383.49390055644,46181.57478382661,8501.71478232234,13238.017001724304,17421.41452364895,3353.3781122239525,14093.263137020935,27894.393799380552,23798.896856103023,9389.00192574028,21673.562412232284,5604.859404182998,5136.26573927974,6402.460898764309,2953.6735367001565,8377.578324527532,9834.002245012121,44803.92611714759,19614.81792521058,7659.869242462176,24719.99534789481,10573.835172626517,2284.3568551660396
66259.45796829255,23886.24197730121,1523.772256760253,39822.769057070174,11212.085538954352,6239.150540349212,15970.554251090785,4795.087157336528,5094.448010393239,21605.696773644748,17814.554604967634,11753.601801457291,11310.42499422055,7962.702801156126,9522.824078574356,6959.408158082295,7850.962352592255,9403.393945406015,5020.709138128011,12548.32100974064,2997.1863134562504,2380.843065904578,1483.8218942406363,2791.648555051837,9297.795504313144,3239.238136566069,1793.2832217617422,2243.3609203826704,623.6836212118039,6916.661151932313,25423.04915059264,12301.063322837936,25800.941087231753,10472.093410003856,17189.181514792628,12440.262818827643,22552.604556918417,3456.9569336212585,30860.05228184583,12756.415978314948,1193.5737523058322,35976.216233494415,40966.091641488856,7973.081251986494,11989.502064281061,15861.883130816059,3086.6662342779573,13868.6305046964,24214.356609895163,21130.61312721548,8508.970013168715,18891.49614474524,5120.491383989518,4708.509347061328,5876.653883093777,2538.516605414322,7256.3052077223065,9100.540062544726,39139.59038634989,19137.428582013654,7446.669273817047,21433.161211141723,9765.44301475563,2236.0067442301956
59119.41591147628,23556.715127626772,1457.9176045984393,36285.68816731663,11033.92061609155,5916.64769048363,14827.451760619131,4484.201528102588,4628.338406461265,20430.615621036188,16986.664192954475,11306.455762912265,10611.193630935137,7466.593536350342,8854.929473072138,6354.4415569286575,7267.350559114694,8603.6602030221,4492.5202255161375,11169.219352855387,2801.134998294631,2173.8427774207853,1356.8751883302132,2553.977199671918,8428.320512724064,2950.1845481222235,1652.913394641499,2136.673413836043,599.7751148158815,6357.5956914444,23162.11092088741,11508.18416415033,23682.454122703126,9766.068030400049,15642.322462558292,11354.485046061624,21071.572734463054,3185.5390816928943,28594.81722903759,12328.309456235434,1073.6205763471237,33147.43369081916,37335.18070980543,7459.23793531291,10758.795622095507,14111.315966219703,2808.4241860814855,13625.53109067607,23410.190934308877,20547.536897380756,8316.664494417333,18283.556030206615,4884.025018290688,4615.035560172774,5633.47783868194,2476.2852706262024,7088.228228972738,8449.412919747178,36977.4938111076,18183.762425113033,7160.235218526393,19461.169297785644,8973.643703959333,2225.4412261230104
68218.486695553,23976.65496722282,1541.8409392750627,40302.44446348003,11236.127664970269,6998.946755259176,16211.340635926543,5343.109377089353,5933.270911427517,22032.948941316197,19403.888966472332,12252.054800091802,12208.610692808528,8109.004505283508,9760.525314983523,7160.647541627718,7830.641009614329,9688.016247847812,5128.738952934384,11947.117038784481,2824.520394231352,2404.502370082244,1498.3313949375922,2818.813439691532,9397.173015320432,3272.275805426675,1809.3269318202301,2255.554875147449,626.4162678646516,6863.482618538119,27129.007032594065,12941.174364422735,25747.584381180186,10432.961563776389,19940.842641485207,11941.478451563953,23270.5173868213,3431.1395576397367,31822.28684581311,13474.932646111156,1424.000966350558,36084.038953766925,42402.97288197589,11195.921016737908,15025.983897790396,17159.69329950929,3099.1094994516725,13910.120780960466,23275.38091367527,20449.790230498238,8284.426470942906,18181.64119058705,5072.061212500659,4599.365650910533,6266.164685979343,2759.2826159917827,7852.559234790082,8758.679298502757,35419.78145537821,19579.9370895661,7820.493325706979,19552.888570053008,9264.69163073264,2223.6700259638337
63939.10005628513,23779.152938119318,1502.3709313869133,38509.811813669505,11126.903793504958,6760.003588562931,15434.966297750087,5121.934381826629,5602.034681653842,21137.94065769871,18865.242637636176,11933.417919581614,11729.646049168901,7807.38690476791,9337.367403870125,6795.792466580035,7491.792196469386,9181.329027516256,4589.489615874957,10725.192978029077,2694.679971146827,2249.0684696970548,1403.0087173911036,2640.3490226209574,8744.295232567802,3055.2291185942036,1703.925001767286,2175.444575554129,608.463672454981,6472.579461677219,25156.706152993196,12360.12053624625,24278.24854922636,9932.39008666899,18493.030166272823,11203.59456950975,22335.833713613538,3241.3619684196583,30669.800516792784,13141.201347631322,1346.0305133596057,34386.80058956032,40259.90176006303,10837.390415295307,14198.626690610576,16112.751258037235,2944.266269641119,13791.239162217367,20638.536141268884,18537.893778125497,7653.860139331897,16188.216519251064,4808.80421484354,4292.86678973894,5685.439382917915,2495.1353657855625,7139.139351592335,8166.336785144121,31658.71968449246,18499.760074808368,7555.643991496387,17622.32285663443,8726.367982483609,2189.025881547758
61217.23068748679,23653.533367823267,1477.266351590268,37626.759392461965,11073.341656175586,6615.2384887698145,14963.228796141628,4993.594365841069,5409.084248024409,20632.577203655514,18512.814513448255,11788.98987598678,11464.719912457209,7616.385704468989,9072.714025950103,6567.562551810774,7302.360863805004,8864.434363987122,4210.290307411659,9889.476997599502,2603.952991491619,2129.036536074287,1329.3969424388029,2502.532053881081,8240.118329567327,2887.6174621748605,1622.5296478920568,2113.5803727164166,594.5999997390995,6165.207607289665,23607.162166668986,11937.431075224304,23355.54301902805,9566.064338626413,17596.53040302084,10697.259336356388,21696.152635309172,3092.137566898884,30150.277616344305,13006.095284955572,1294.9526577746738,33251.525310652025,39039.987526709934,10568.109318786866,13650.315470472064,15486.699241053655,2853.964856076506,13732.12258793974,18473.051441426367,16967.766284459038,7136.0132965885905,14551.134711787661,4583.209092406706,4041.1573975780843,5302.159583329953,2264.2016218382482,6515.423887387153,7779.783500792957,28407.364207344515,17654.736794964872,7367.370860589766,16280.865463230906,8330.922774902027,2160.574694659303
59474.36699030716,23573.09681816003,1461.1914199750108,38274.845934465564,11072.177435898378,6558.68631319436,14840.071101703013,4927.044565059687,5309.259715115914,20555.754804098568,18312.536039907816,12070.784945207737,11710.217354218341,7488.125882074894,8871.392890831225,6401.326800606613,7141.951802365751,8623.37341838186,4029.2004747594756,9544.179788514668,2574.551074257081,2078.031369349945,1298.1170925742595,2443.9694920335646,8025.878448880742,2816.3942448499624,1587.9423215918994,2087.292418914912,588.7089095268847,6030.61911370327,22915.275132762752,11760.201599977057,23141.54675367102,9431.97529538197,17053.380840601385,10517.330677207117,21531.001505929788,3026.7968822740436,31095.70260497013,13083.798474652365,1265.9000153709292,32664.55185362721,38879.82192973085,10384.187780937837,13286.46939965446,15039.058145621004,2789.9167463930035,13713.406090649265,16925.86138520156,15845.945532685739,6766.023386549565,13381.476624571573,4456.854149306259,3861.3167041106844,5022.572451023406,2072.7221050165103,5998.268041186633,7476.155763160406,26204.45994233622,17212.475823355435,7225.295034167571,15262.413485145033,8132.221765455396,2140.246962502522
59385.098864814056,23568.9769194882,1460.3680748907477,39883.685836442346,11133.306494836826,6673.56640003602,15040.021205032364,4964.21771255657,5364.423869556616,20948.956361123277,18362.52923018525,12505.31612477609,12296.993695040923,7481.161988993155,8858.971841585606,6394.103028305802,7168.454458629876,8608.500515685733,3874.5240543555055,9240.964406459823,2532.4373687026537,2057.5446559253,1285.5532419504343,2420.4472787702716,7939.8269521500415,2787.786758187756,1574.049991693108,2076.7336109825123,586.3426967767413,5988.971236325457,22558.194238928463,11721.792558211524,23295.846269532336,9396.768663917124,16841.200629764262,10479.519892299624,21586.626745872676,3006.5774659521903,32705.5857271146,13301.600143437146,1273.0719696288209,32775.013198445995,39983.58079302877,10365.522564317787,13310.595672729069,15047.918142417231,2797.4537001435187,13778.93329299687,16129.329544761911,15268.404368271376,6575.543398238857,12779.30761095668,4392.8130638963385,3768.730252583835,4867.3135848775955,1942.8767309240322,5647.576251113494,7333.914595337095,25034.34995345374,16711.68406750718,7089.15438637659,14695.186117191693,7964.893007472562,2129.7817410193325
60715.270655423556,23630.366930350527,1472.636630135263,42649.94140723051,11250.044792542387,7000.744648308485,15705.28043963163,5065.473360582656,5514.768541874003,21896.287561863675,18549.965355729117,13397.843972696704,13556.906392286359,7558.849936655558,8904.605304255812,6439.883256855433,7222.36363651212,8663.1418014431,3977.3644409441467,9584.572903651762,2598.721759182449,2148.9542574259713,1341.611848432419,2525.4009676467404,8323.779858466172,2915.4304129207,1636.0361367148478,2123.8459244847427,596.9004939823017,6315.525590883095,23713.85752322289,12269.68948940712,24541.59513251533,9808.527414083424,17272.223501371245,11047.013932361258,22524.358964130737,3165.1146822344876,35314.89904477468,13688.632460198061,1300.1109044011016,33738.75117893097,42441.23027465307,10474.525191260473,13585.589610231578,15245.08598934371,2849.5775804329423,13893.32104126817,15494.925484349325,14808.417169820861,6423.8341124462895,12299.70535751947,4372.098220316723,3694.989044286246,4751.455943278255,1843.6197953316946,5379.498989719645,7290.178289908243,24317.014818873173,16580.279836961014,7068.589565451534,14361.091126669642,8027.134924244973,2121.4466330179393
63790.77886588144,23772.30763119178,1501.0029223192212,46671.42103163529,11429.056853351773,7616.278034974732,16875.220231034084,5260.476850779412,5802.873299528904,23638.937194200156,18997.478594299726,14587.17556412233,15176.210930575306,7766.565041253551,9160.322519299023,6681.676270514339,7477.947278056881,8969.336347405766,4308.446707320826,10562.082518986725,2757.6903990611263,2357.1650151790154,1469.3008978579157,2764.462146325022,9198.339253169346,3206.174292085284,1777.226801014767,2231.157304483029,620.9488095189398,6888.71922557283,26003.504638065915,12982.748642248544,26691.18767593992,10457.442706892394,18499.775755936254,12089.318027289899,23874.669509729047,3443.3915494861844,38366.806437376035,14351.497876224958,1364.8554073051948,35445.12495758131,45719.265383059756,10789.808294046881,14255.329183959691,15974.865093166192,2968.8296511932353,14084.981399993394,15517.241385505264,14824.597749616665,6429.170661973602,12316.575916242897,4405.25027856035,3697.5829760477905,4778.490545523035,1803.9660434223376,5272.400484728138,7412.767583455269,24575.427794238833,16510.419125715845,7049.685718039194,14542.704383322189,8180.396060392555,2121.7398298729195
66919.19942780984,23916.690328294084,1529.8572413687177,52962.9429661735,11641.33396826815,8120.191155511625,18444.72535806097,5634.547936538271,6363.461073431782,25763.891212849412,19965.414102407805,15815.639955564853,17062.918112896878,8001.603124559122,9547.427785744969,7068.085114043494,7882.003695505161,9432.854303696116,5013.497603401535,12530.912869675338,3077.0464481777185,2712.424039506377,1687.1699811476415,3172.3596162586637,10690.55377415013,3702.2552240776627,2018.1329775963488,2414.257046348777,661.9811808581189,7735.772169867785,29761.034928002282,14211.736201541913,29565.797018436413,11456.102388180301,20809.218385585402,13479.964418744401,25915.438354479415,3854.622984337963,42610.67814353673,15138.815849123424,1505.0583323407777,38570.36146342053,50414.34065327947,11398.406753633446,15655.311715740329,17056.167613304708,3126.0805949479213,14332.70236003905,15707.648949042674,14962.656510027056,6474.704096719491,12460.521873588199,4480.939543992869,3719.7153751944907,4870.797810321241,1787.459769153184,5227.819654455353,7694.611797152267,25460.44859362955,17052.197938297537,7227.977929032525,14996.956021872618,8518.070698964504,2124.2414974149706
73866.78012533092,24237.334705026795,1593.9367665028528,58529.09597490761,11858.686064792673,8536.457694927118,19781.138633323048,6082.827587520564,7035.307330765821,27264.593145743085,21152.4052020462,16438.786345172055,18048.785784103202,8495.578197523646,10257.411977622945,7752.668993923069,8609.977579807675,10282.985913500288,5599.2163215097435,13964.428604209324,3275.7689174472293,2916.3784223629414,1812.248730843871,3406.533756358227,11547.234874502314,3987.05553384176,2156.4373327009525,2519.37469972743,685.5378855568449,8180.479231893734,31894.4941551895,15122.686048885485,31688.188720946822,12077.631242812902,22699.86878546037,14376.596016230225,27475.00485018804,4070.521557408298,45483.32553922964,15827.44386589109,1677.0322336910403,41824.73953538926,55013.92275259955,12106.04334168048,17461.568895917386,19111.53831748849,3407.1173149999613,14574.789600382548,16758.103268598352,15724.309190601416,6725.90626638722,13254.653395504742,4710.430712676979,3841.8170092253295,5195.958552715524,1841.546058702446,5373.8981551726165,8188.067231983812,27715.61833784721,18014.60685298974,7575.346239033034,15987.374293153418,9091.133006213797,2138.042874709562
79644.79793623109,24504.00148020506,1647.2290796117336,62524.6328153911,12013.133205548847,9000.866894822997,20557.08297773359,6360.786412630528,7453.79934620295,27915.7877749874,21979.246466987923,16800.028423567775,18659.960767375323,8889.420212506904,10757.101292822781,8212.149838406789,9041.897967302702,10881.311454710363,5839.316681924992,14546.971333516396,3328.739604882662,3008.637197678079,1868.828109288423,3512.462440585289,11934.754624497471,4115.884969174299,2218.999315542713,2566.924675580166,696.1937622820328,8296.402308565497,32734.090036342554,15572.981002538412,33089.7309710412,12340.824386776534,24261.674713130185,14946.09196611939,28495.062501258326,4126.80046401784,47778.46118435604,16370.247861727032,1796.957968434146,44165.62600719675,59134.781809276734,12365.326889820402,18724.50502443471,20439.55105024389,3617.616651983474,14742.461702457946,18366.183919222407,16890.279869180788,7110.45735071992,14470.344083893866,4978.695478385016,4028.7354397168733,5642.611523069609,1952.142062651054,5672.600444637129,8838.475441998553,31370.06872477476,18986.61005069157,7910.256785484223,17955.059077701233,9917.018376581578,2159.1706177657884
84163.71921982418,24712.558496009908,1688.908383974902,66174.30497126486,12121.24301413502,9587.037911332425,21562.00245452606,6575.7098846250765,7778.954935854686,28794.932063667544,22599.435986430002,17514.84773273956,19691.34527395794,9200.41566186294,11163.816061454005,8564.222523220657,9340.460731205014,11368.309745916647,6197.279916124416,15454.698417200367,3435.8417335919185,3155.205850499852,1958.7140118945626,3680.7480534692586,12550.395207880903,4320.552293191215,2318.389595300252,2642.4658460883393,713.122422626092,8674.823527173818,34446.51059899462,16267.318415576083,35188.04288326326,12902.009736100199,26004.10888433116,15979.939601779122,29780.608487016252,4310.518259675276,51190.06845937179,16955.792316168445,1886.8809453569731,46554.26034666042,63026.01532497653,12222.292548082536,19597.001338360653,21475.08352395004,3772.8137556552706,14874.748293609917,20717.941537484123,18595.4682354735,7672.848884276691,16248.246106050323,5265.047983220436,4302.096633354979,6078.819503331396,2198.226856294964,6337.236492596343,9447.892827667727,35288.09113668926,19571.1825457541,8035.053191131776,19957.733332766264,10463.400555067152,2190.0691490579047
89290.32999053944,24949.161567093663,1736.1925824673963,70604.90457416904,12237.856864431034,10224.998822351936,22875.433806963865,6840.22826729308,8176.333094555518,30164.124496521825,23283.136745919666,18449.800331237002,20852.57355980591,9567.991857357485,11704.141940721705,9043.944421816484,9731.423033248871,12015.29330837673,6651.51053896873,16437.325826275544,3597.5182666017486,3314.788476670272,2056.580970706852,3863.97590982327,13220.699112969725,4543.392228103917,2426.60483463363,2724.714390590151,731.5541953413917,9091.166319235079,36547.250489396065,16994.751655386317,37497.7467723257,13499.290188015946,28203.385739642184,17091.854482591756,31160.649236222333,4512.6464085110165,55334.692601407456,17579.151169231965,1985.9094832273875,48958.28004073917,67087.95943897923,12489.716439974458,20609.41133175723,22812.319842790093,3960.5197281666588,15013.43232038463,21844.139885743374,19412.040617405517,7942.16423067811,17099.639247269715,5368.298956073692,4433.002523117008,6236.149628921028,2370.1735972652987,6801.637405711772,9779.053104829889,36753.09505904902,19723.795661013075,8011.879707212335,21057.938627984717,10827.667809667726,2204.865687807657
94988.42026466278,25212.139532085086,1788.7477005557132,73712.00130230185,12367.014542052337,10678.64479942868,24045.839798245637,7146.906612850691,8637.60720955828,31592.283094934668,24095.49419013727,19341.483579043375,21863.323033647583,9965.843148209733,12247.487530079497,9531.711484403639,10202.004063767561,12665.892662348597,7006.588621553572,17169.28948414626,3668.6945897138917,3422.834248938094,2122.8420135994,3988.03073788979,13674.529873358351,4694.266502370883,2499.872203306224,2780.400951066939,744.033468005729,9354.532595532839,38105.62015356243,17547.243599991845,39555.75245728779,13949.556000502998,30596.975033838014,18091.499833011858,32428.42598392048,4640.506764655114,58681.4679429253,18075.059955134042,2103.601726219397,51229.65515949946,70187.25386360276,12893.505617676487,21840.875114324113,24325.991123736647,4177.944033896725,15165.61696481066,22448.234154388825,19850.051115702692,8086.6253326719725,17556.327645232857,5412.615153003868,4503.220613177776,6385.162969011897,2507.8869871103802,7173.579461738562,9941.74973185432,37150.72076166528,20436.2170322306,8223.038905776011,21837.489552888223,11313.677465217714,2212.802571159542
99625.26660758555,25426.139022613475,1831.5146621192469,75074.64695345878,12468.80026852668,11081.907985251895,24850.964451707565,7369.8451712065,8971.484480109835,32635.922146551162,24636.456490147593,19885.335105978116,22177.204467269927,10290.51959810567,12694.573765732208,9904.505372812024,10549.166471427203,13201.231550290455,7111.5997483694755,17284.376150177974,3672.1329487699572,3460.1288202882565,2145.7135904475194,4030.851215529938,13831.180359160038,4746.344351326198,2525.16218024165,2799.622493562335,748.3409862174111,9521.795856242588,39079.02098883157,17870.816307194844,40982.75936843657,14241.043139000107,32299.026287533587,18825.387114706962,33180.53509765556,4721.710556221613,60062.74920369227,18365.783408762065,2181.904199721555,52768.35880139523,71780.1591643548,13203.850817767612,22755.27007052772,25474.344648068065,4356.208746343754,15296.706400801571,23817.48656143849,20842.854648584365,8414.063821391215,18591.466891516397,5516.83704132186,4662.378371774226,6665.839027860348,2686.0077354607097,7654.655388540556,10291.813125214469,38552.29999242159,21190.159077666907,8429.83381330132,23303.15012873395,11909.388833533365,2230.792473385679
101886.11096552458,25530.48139639724,1852.3670763637626,76430.30947733221,12511.37269505837,11587.154111099386,25519.40478592622,7463.841657545564,9113.829893891518,33847.77516653412,24802.701970405207,20615.58396543171,22766.523675420427,10428.616553261098,12804.504062434844,9992.90728305816,10638.08000692834,13332.861539031623,7472.554010478349,18033.711645412695,3763.181998051634,3573.327974913928,2215.135038817788,4160.822998223167,14306.657154535527,4904.4147679955995,2601.924130001002,2857.965096466208,761.4154737870721,9840.115505637212,40836.09518322298,18393.10198049126,42711.52680203041,14706.208780580744,33812.04442030566,19799.10368130132,34223.54826424891,4876.249946266988,61969.618466646825,18660.13618202423,2205.862404031268,53854.104065211286,73735.90911781693,13355.112347207525,23048.57398630899,25752.12967926219,4440.55178520655,15346.470748211677,25263.707599062545,21891.465815051382,8759.90833505905,19684.793553731735,5660.992233432457,4830.4827316111005,7008.003553796094,2929.6323463964372,8312.646876363395,10644.529763937411,40332.01731252618,22064.514555115322,8616.518400121578,24626.940935817784,12406.32397446848,2249.793625641397
104509.63369053692,25651.562069660504,1876.5645772885027,79082.26948569162,12552.866940618049,12161.43679482716,26889.32371752533,7599.884691030247,9318.20437913456,35882.10603963039,25060.518080232698,21844.78320948027,24218.936154729065,10584.131272054034,12906.748868359866,10093.628181553418,10804.481969176526,13455.288983328632,8208.104239659853,19796.055864261678,3983.599467849677,3820.381141409029,2366.6449051408686,4444.481834922219,15344.368515766448,5249.397885008458,2769.4543825890178,2985.295770459585,789.9500827033962,10537.406499855439,44307.42379027133,19469.392140156604,45688.614137341334,15635.116098164495,35707.69619689466,21412.614934570356,36152.124393306236,5214.774212335761,65040.84335251587,19186.880856977008,2243.0605473571773,55755.48515990974,77022.17353308079,13570.002952023291,23364.151069822703,26224.71685490226,4551.1544308767125,15412.982590449847,26334.27468181408,22667.701646210367,9015.920203737303,20494.130096403573,5788.56343827141,4954.922211631549,7292.634001549193,3108.4385549191647,8795.574125078205,11012.9411193637,42113.89750928199,22312.88665626061,8728.32376067133,25522.64856533394,12641.650944695375,2263.859254926743
109011.02974658147,25859.310270087215,1918.0822426057055,82051.84263494468,12676.903263575634,12618.28067339677,28704.90068741521,7860.006234251726,9704.634972646953,38393.38590524546,25725.047271159438,23024.655723932894,25567.051703534205,10895.384682363618,13319.71468348171,10468.83170428381,11274.260221225322,13949.772226821538,9126.252038306302,21959.92054096266,4276.876442326435,4116.945657635974,2548.5185090426944,4784.988077413123,16590.045192295216,5663.518263119936,2970.558981456109,3138.144488804624,824.2032459173925,11391.763867865619,48551.06030603185,20725.271498384747,49241.39344207146,16771.219236914072,37862.36877896848,23281.575600794535,38447.36075705617,5629.551833044486,68311.4191627779,19815.865198831343,2339.3117196503545,58555.939166007156,80552.7589210108,14036.883499126425,24201.450300694356,27405.047791046145,4745.546475690846,15507.91204359246,27086.398035020087,23213.043554442924,9195.780493655695,21062.726807939045,5844.088071582127,5042.346755312085,7504.086738762896,3222.291479272146,9103.072839921113,11145.534133167333,42716.92463480908,22994.565265569854,8959.31267425547,26092.633539857667,12992.021262206516,2273.7410156065725
113449.27216998965,26064.143796138917,1959.0174223436018,82751.93920376514,12784.220351475262,12253.683384825703,30021.527743141483,8121.91407072151,10095.24435097007,40504.153968540246,26406.75629351399,23706.46093198879,26185.73641360253,11206.92213716542,13751.755026649418,10848.412477120757,11769.185911361003,14467.095217661983,9959.83142094671,23974.93493450081,4565.731869876893,4369.522143908356,2703.4156509646195,5074.988618819471,17650.95645078176,6016.214099248873,3141.8346745446574,3268.321870820691,853.3757973082609,12140.425134482757,51866.56734648402,21484.154545063462,51554.36701793215,17656.09531361926,39576.41832275607,24644.477833155433,39827.050837464376,5993.015591273795,69388.55723649143,19899.502660928312,2438.0666326888345,60732.00406736311,80521.17585811872,14545.028899008052,25055.913401957103,28548.933181534456,4927.3677079948,15656.23605501393,28364.311849316877,24139.62024290462,9501.3765737976,22028.815114391113,6016.807582985563,5190.887592782205,7893.120637075912,3372.590452488036,9509.00655947625,11429.215343481832,44369.63947958928,24399.49217172409,9368.749827194537,27222.922535823152,13614.23075919478,2290.5308670550694
115012.3837847192,26136.284442726665,1973.4344487334135,78318.3592929643,12764.153479119224,11111.791946391471,28798.00184318731,8262.361160743656,10305.60749299641,39153.77406077741,26629.615938453506,21705.366107995713,23449.392310421248,11338.661360867516,14021.648834070478,11090.50401244334,11992.529739898548,14790.26475199585,9160.393662360511,21870.082081699118,4245.525465673202,3945.925950126402,2443.637551143982,4588.628517293095,15871.70145823619,5424.707677174948,2854.5880952269845,3050.0012966165596,804.4504917913272,11156.69361750405,47164.10582821646,19827.774050026437,47808.45924921178,16387.803844884977,38208.47219856937,22619.033590252,36996.741664004054,5515.428770523824,62263.333103527395,18981.415875713144,2470.131931731626,58566.03157641571,74948.75355517148,14786.94009965324,25339.239260670347,29140.143289568154,4992.171143267839,15627.413746972521,30862.39841924006,25950.907296992926,10098.760727114455,23917.340155327456,6276.853859368458,5481.257619194753,8433.37770089142,3655.614392088481,10273.409391459614,11937.166898907495,47924.350576570054,26256.494341491216,9940.527570923168,29066.21781383445,14163.49496260618,2323.351938083652
106830.81634739098,25758.689178813547,1897.9735100025184,69392.57097835228,12503.950024263686,10330.122483891062,25504.818182876475,7682.011388558884,9438.323333590699,35051.145019156946,25225.847742044538,19383.361329431562,20035.423934646795,10750.114326793364,13149.013929614439,10269.276003769577,11075.962780071908,13745.375974651972,7549.548470921118,18071.0542263938,3705.140633296078,3352.4362622924923,2079.6691627520236,3907.2019376720405,13378.833237135925,4595.963303203224,2452.134331571939,2744.117979652788,735.9025096570883,9599.48092817621,39653.38735070592,17396.019453561752,41813.37003293416,14377.02940961755,33924.167164727834,19596.710239126467,32652.69065043813,4759.425488125137,53749.96468491863,17778.851190671194,2266.943568715345,52757.439246485104,67428.14535333878,13890.277648317156,23457.107189672533,26806.85666428337,4625.871395057888,15305.337678255379,33678.023089176946,27992.431649284983,10772.079889013881,26045.920392768752,6584.1761449972955,5808.5373155515745,8923.194845278063,3927.1024932035752,11006.655758239123,12450.466766088091,52602.4331431033,27992.35411683484,10556.853037917725,30348.589702382757,14356.96417062756,2360.344979437587
95222.38716600505,25222.937563880623,1790.9056442889346,61549.61659930187,12140.854200139822,9966.999998546595,23417.03356619156,6970.501679265237,8376.147153601065,32685.837056205382,23385.80082735541,18290.27284381434,18777.637472479615,9925.543294379979,11966.963879957757,9208.410941065815,9959.633691382938,12329.995024600437,6968.891994475376,16727.024323772206,3531.363921078094,3199.7254319750336,1986.0164577220305,3731.8640651537794,12737.393309739246,4382.719089521621,2348.5789543405604,2665.4111435562722,718.2644285468435,9087.582025698413,37093.856996101254,16388.61790732591,38937.51719913285,13654.781460130482,30991.392415966155,18397.8619988491,30990.82893381032,4510.9062885961575,49150.58105596544,16826.603635165524,2000.4083144701258,48911.93622605378,62026.9232041589,12720.505410533602,20689.322998710417,23526.325654939967,4160.95874507141,14915.733146619625,34978.64532314364,28935.473521707634,11083.106385187222,27029.176018937473,6685.546799278022,5959.717711087821,9063.082347225649,4022.8369503440354,11265.219365778492,12419.583557421807,55824.32626935072,25865.94876483817,9937.642742829636,30548.614432776794,13142.942680157606,2377.433185026302
89696.76923822319,24967.91953372362,1739.941288418454,54941.03976614392,11886.391137145914,9509.582746693739,22131.256477269155,6602.30805040171,7820.57849112353,30922.115657625527,22607.183871706497,16827.35648349821,16882.492642791807,9557.9112824433,11537.257172970252,8808.799536658895,9464.646114951898,11815.466305540669,6632.670256113084,15946.689330032415,3418.7462637441536,3060.855609876544,1900.852003218928,3572.418012324797,12154.09056274152,4188.80235212032,2254.409360453766,2593.837933175584,702.2249820303813,8643.946147059773,34673.2839522465,15516.293519177212,36996.68557379026,13068.746047870358,29628.979643737308,17690.48189177053,29428.43083157425,4295.527757036919,43616.085533004996,16020.233251714073,1887.9048343406532,45934.8238577399,56266.1440136092,12238.12292736567,19517.072572235895,22324.01933522754,3947.9527906450394,14639.886572463336,31067.245751828475,26099.435909934833,10147.747243400343,24072.20240983555,6200.143656679835,5505.068453401736,8284.433401788187,3615.3451297658135,10164.648492208084,11342.677546860776,50409.5687260497,22386.178220988444,8971.944063183275,27311.056964434374,11789.402943035617,2326.0433214725554
82339.56133090402,24628.370060710113,1672.0836534145424,48918.109238218014,11636.67539312119,8920.231473467953,20402.860826285385,6142.072562421187,7129.7375105961855,28571.28648857916,21494.66546382883,15468.914491474758,14998.786447880102,9060.339589563711,10921.911545186838,8246.916338288216,8868.82132097171,11078.654447764275,6179.541151739664,14732.558595170662,3218.977482097567,2817.2867218843808,1751.4789359624338,3292.759717815547,11131.014421441389,3848.684655470171,2089.241846972971,2468.303049018166,674.0928069666033,7905.246198782258,31104.99951680641,14209.883324037482,33951.40516296377,12069.42503449406,27912.778822792407,16296.524309515678,27125.6344301365,3936.9000692859663,38917.02425891029,15223.413613164477,1726.8826760863433,42274.18117451543,50415.42427584704,11654.429805179354,17848.449395146625,20653.098012539278,3648.360460620669,14342.423797152813,26056.682959424164,22466.428279783366,8949.537838142494,20284.27391727703,5683.960887389723,4922.655789813669,7405.728354888248,3076.7353511565743,8709.948792536245,10267.243991254722,42690.387566293284,21433.866757932123,8636.153266688596,24131.878196255126,11186.960014725257,2260.212120204313
74451.87861184779,24264.338146188584,1599.3332980757386,44665.68684219335,11407.124042571713,8377.388789949322,18946.30882895966,5740.975541087685,6530.3682036415175,26614.559342273016,20421.23196231325,14562.562758178605,13759.376436537561,8519.525753658127,10222.812309365758,7627.136303456708,8237.56350320814,10241.556434046855,5537.28728061759,13167.317504566814,2988.633827303574,2579.289347477872,1605.5227008159961,3019.498463646974,10131.340617736236,3516.346978084023,1927.852457387329,2345.6397102415317,646.6041410644347,7262.318655387749,28016.089223997446,13210.46057234605,31251.931610796506,11226.872430196077,25701.569841232307,14975.939076946772,25184.87205321898,3624.7684406103012,35879.43024173679,14588.700053471059,1571.339523821202,38993.81793598717,46141.28647336259,11029.117555332728,16154.888313573188,18802.93966032983,3339.35309905726,14105.701554680873,24818.072618577306,21568.349354977723,8653.340661464135,19347.89858251173,5404.72510217672,4778.683469523486,6991.543644684571,2930.160222246931,8314.072587014512,9683.467411127021,39872.25539787274,20475.31417402727,8308.38773410286,22133.566079494085,10280.127237194005,2243.938657907064
50094.47065771655,23140.196335774894,1374.6779513032948,32030.559670908333,11390.859641892599,6611.5965746791035,17538.968317355128,4988.963332454394,5386.026605090066,22137.100072446057,18442.023309027263,12614.261147056868,12691.83510219378,6958.846073351346,8648.777960724205,6081.292510254613,7408.846481436456,8356.8153874991,5051.171365801497,12435.139240735114,3060.276610287508,2677.1240070384333,1665.5215917217513,3131.82920568947,10542.281054429559,3652.9625332626447,1994.195525316702,2396.06348499387,657.904031547128,7814.204428195964,27946.91224589882,12579.594176847935,28460.1853426413,11315.558991021282,17656.777352494813,13493.961071149071,24775.941090911256,3892.7006630628603,35719.108314111654,14045.542219518657,1284.651210953678,35643.174597544676,38470.432629370815,8095.512765803302,12164.456543158152,13367.522247144823,2559.4277933952094,14082.349595908341,20762.804733735575,18627.997180847036,7683.577320456581,16282.162162926119,5150.648871713124,4307.311394866302,5301.515262064526,2027.4341795992434,5875.952526124445,9022.57747283315,38230.181598335126,17892.960374998496,7401.570242544343,15066.49917598624,8310.501238056162,2190.6585834505504
46492.88862544,22973.97630949785,1341.4595292755278,30616.981948431232,11314.406254559219,6500.699615134561,17253.629841175672,4881.297358730219,5227.171483803987,21513.31058189993,18175.475974395893,12374.754773781235,12268.690802210036,6705.7733225570455,8296.772071997793,5842.850918245692,7169.181271498447,7935.325253598076,4760.380392125452,11632.723092886536,2973.124374139826,2527.5893069919052,1573.8167066639978,2960.138069772968,9914.182020660115,3444.1534446634532,1892.7939275013457,2318.9936201458745,640.6327931199485,7702.092620080012,27375.457806344486,12323.77293947361,28009.26433866617,11156.007494027135,17039.71660610819,13272.908252619645,24539.086325647066,3838.2720702790143,35796.836306264646,13970.196511618875,1246.05439937854,35037.23986502237,37819.28683922935,7864.934268859795,11691.101260801122,12698.129443730955,2426.2860524270345,14021.538079384078,18373.70544737214,16895.733499278405,7112.256023003255,14476.030265154459,4862.0421923126805,4029.6097194573827,4921.757131251866,1861.0090089230387,5426.464500363542,8464.524484319625,33956.73688250958,16971.929511872324,7209.9400764267475,13577.539600031874,7817.974647761889,2159.269439454107
44375.15197120961,22876.238633265344,1321.927037258488,29864.042522786076,11263.584238770653,6443.165666361137,17180.697384692477,4823.979972918017,5143.335839221551,21163.639440282084,18093.08619033677,12206.326972304554,12008.667002851025,6568.402656058471,8150.943644034217,5757.700221817565,7102.6855435233865,7760.7110059487695,4592.121403086849,11190.432721502286,2930.6813657304783,2442.5194683345,1521.6460747428114,2862.4635005656173,9556.85837800512,3325.3625849098357,1835.1068643228748,2275.1488067624055,630.8072377901462,7643.225460672198,27123.143217082496,12245.119067603953,27803.296926675022,11089.997967130805,16623.63817434546,13117.893063795678,24579.42764766287,3809.6929521087573,36265.23141183013,13972.625486812616,1234.2161321415658,34936.02613487421,37791.35860823129,7765.585440492573,11476.47472982067,12341.940174594773,2351.163135121082,14000.67328318053,16560.39489415827,15580.956828250355,6678.62693960014,13105.18811296043,4702.838581244234,3818.835984792306,4702.3896383745305,1737.0378783823053,5091.638111951,8087.468069153456,31051.834068562246,16395.639008102,7048.396404894294,12705.719028617099,7458.188310158986,2135.445286452139
43177.65876750645,22820.97199183382,1310.8822148453994,29989.577181009943,11241.68761700405,6460.040033282826,17288.040792406948,4797.9581408412705,5105.890273075818,21023.566042259965,18075.860131900983,12308.375009267735,12057.30619177396,6484.711110991434,8036.326231896916,5699.320038667764,7057.877332035501,7623.468676281895,4574.259337716058,11089.467344923356,2937.170928730854,2402.103326877341,1496.8601383402563,2816.058932096572,9387.096180399314,3268.9258003850973,1807.700106575266,2254.318414325639,626.1391787222711,7714.5288568697215,27372.02813957113,12368.103906684411,28136.533963002268,11192.61852700904,16407.77440646405,13246.212284472085,24918.021240884587,3844.309674867131,37877.43509984922,14141.760851104169,1231.7937457431294,35084.93060836896,38457.882267141664,7719.928072909749,11399.904259528816,12137.241073607558,2306.948998020403,13980.892228689632,15327.547192312293,14687.056223423187,6383.80782199461,12173.169270140257,4629.837292014294,3675.53349733671,4570.178171471689,1619.269353383319,4773.563978666715,7811.977352244402,29024.575439854427,16341.48906207336,7017.193433217334,12103.606054857151,7268.317565584406,2119.2475358564566
43222.848012302195,22823.057568056818,1311.299008714101,31821.17042289984,11270.978447743362,6604.477948398785,17536.791470955643,4827.45907609404,5151.073140740721,21159.764094834256,18209.55152694616,12633.058958492986,12276.283728576362,6495.670413715479,8082.364085175521,5773.665416053971,7161.636447840807,7678.594176537182,4600.710874557281,11090.823376247206,2939.751211892447,2384.8438608585343,1486.2754555615265,2796.2421449749454,9314.60026942477,3244.824816188307,1795.9962177708112,2245.422922210843,624.1457125542802,7917.724116656344,27998.7177964555,12654.80368313845,28812.113307426793,11420.137489203693,16471.085970650136,13517.94058859225,25554.96977602279,3942.9579109175947,40270.882347591745,14493.867790541892,1251.244011771198,35822.34179743312,40307.07686774344,7773.346964589198,11529.777120094077,12228.375112296324,2315.815014576336,14013.240723370585,14565.073085843362,14134.209296644209,6201.472287145639,11596.747514403805,4592.351634049715,3586.9058131623756,4522.64842458193,1568.493653332844,4636.426856081072,7687.245921470038,28027.712367896434,16422.616716933633,7064.05677309729,11741.732066955743,7148.995392465789,2109.2297817162844
44214.303167718186,22868.815147972124,1320.443483048412,36127.91081584663,11357.251639176819,6992.910442467413,18460.901355506903,4927.129935524326,5302.989470962466,21980.053165548743,18504.551710131465,13657.97869078182,13377.615078420424,6567.842078472831,8192.659610335959,5894.638112410504,7339.079375734386,7810.661500351728,4833.1831714079135,11658.632677779977,3026.006068244012,2481.3608758849864,1545.4662769949646,2907.0600093858047,9720.006132622937,3379.600423594571,1861.4457736847205,2295.1675860288897,635.2934153112511,8600.904802703775,30629.949632061558,13703.044634207972,31004.567919887664,12243.643897904385,17013.00796762071,14515.86057434063,27342.544888384346,4274.6318342748045,45705.14564845213,15296.447355630178,1294.0241742732271,37976.80212988718,44585.507030311725,7888.385580219646,11840.377714466264,12491.70698227149,2352.7525505412973,14106.385491950956,14042.804713088366,13755.528285104203,6076.578756387244,11201.918557064067,4568.449956255732,3526.198916543439,4506.0643867910385,1536.3157314056766,4549.519384750889,7620.940809970471,27479.463239262328,16480.895931616447,7082.5195942657765,11598.758926406434,7200.329034530573,2102.3679668050167
49113.85059478024,23094.938805775724,1365.6334115929217,38504.24593541424,11522.084967355668,7651.16319582689,20316.413327544415,5182.9851359323075,5687.0260782246705,23946.540497792124,19218.523054233716,15020.28280774654,15357.69843134465,6937.226723584962,8805.77529615392,6401.0376880002505,7836.879354229966,8544.803230938613,5709.411822546313,13841.289380047598,3356.3514919435725,2766.1944295206567,1720.1456549610616,3234.097121021137,10916.40857903841,3777.339776771722,2054.595440663935,2441.970190254032,668.1916538744389,10059.536612876629,36480.46708554548,15352.566117107912,34829.42008271853,13838.953995387355,18470.382299310422,16551.27266953544,30303.81116557338,4982.775587266268,49429.973903322345,16094.925216830652,1397.5191070096632,41175.9900359429,50317.55899110192,8243.081186807385,12786.461003717086,13675.471198980633,2538.8387894888983,14308.587547014782,13985.236705399098,13713.787456164246,6062.81213352354,11158.397795837665,4602.963564805292,3519.5073855231176,4609.218094104641,1550.5736205613273,4588.027686222373,7710.505777648982,27814.470492166998,16514.202359565217,7073.694098554039,11755.426040053408,7299.619330362512,2101.6116102095034
57094.092026874394,23463.242491209683,1439.2374628006094,41155.18404648644,11716.521909115858,7830.062318551617,21522.827259876867,5546.972960217268,6228.184343016587,25886.52691041865,20107.66710129049,15607.258421823639,16833.341755055008,7478.800728585995,9483.209341991573,7224.718418557064,8517.549152762216,9355.959452408828,7052.748695319774,17293.459111033124,3931.344875847089,3201.71151327235,1987.2344584162565,3734.144422340277,12745.735558968501,4385.492437805428,2349.9257436038206,2666.4347655584606,718.4938206179282,10941.042620195625,39644.029979161016,16100.994995312598,36759.983929883296,14797.565272075499,20940.10531856509,17580.033751157094,32011.441877457204,5410.733460741314,49523.64740580517,16202.692751282439,1526.239883193039,43569.649893694026,50896.41015463514,8880.897304049071,14262.045460518815,15594.944206051905,2838.538327530082,14537.422815643758,14284.68613647171,13930.909196408595,6134.421480662677,11384.778169765377,4719.182494383963,3554.314482155972,4880.7645720667615,1552.8852822978024,4594.271116593722,7938.385811663885,28868.09892332174,17222.62226863212,7234.766010555868,12699.458519099073,7816.075300962798,2105.545922292998
62703.530454371896,23722.128993182843,1490.974918964528,42965.695053444,11863.457238988902,7731.6410477073805,21214.74181705089,5711.440677201159,6465.7887868372445,26309.7872072627,20302.84210159867,15569.111061391946,16757.61991189438,7871.540028469299,10023.864769092757,7444.396703437236,8651.435041207458,10003.33762591388,7289.568485892701,17979.500274666374,4021.3238377055554,3373.011188528282,2092.2871126886585,3930.8254335584,13465.255255230362,4624.69396874923,2466.0864798598527,2754.7222520354335,738.2789109228576,10677.29079054867,38623.32941782081,15830.686672625034,35938.221527853675,14546.6550330828,21611.323596846083,17197.934647955266,31155.797523660753,5282.685926185471,45901.60299524537,15796.46671493705,1554.180499951988,42790.080447438,49179.914517581354,9351.713658954779,14898.10295632982,16728.837019436764,3042.9194450769355,14643.939367525882,15520.681514235579,14827.092082659994,6429.99332229631,12319.176614155887,5030.225539144971,3697.982846063171,5393.410520023501,1674.6080545367397,4923.025047733095,8577.62616048832,32471.812725628955,18310.4151480907,7510.577961686898,14552.96038761857,8632.101182410499,2121.785027969472
61517.296949288575,23667.382008348868,1480.0339482928227,43968.75887835786,11875.395730021173,7627.978520523448,20435.966737960935,5659.853776748671,6387.116762578736,26040.938175337535,19964.90603851779,15287.41238200238,16333.66292806299,7752.478931117844,9716.995221052952,7216.4379609726375,8372.982253595479,9635.893530064417,6954.034816526688,17322.866057993644,3913.3108766747932,3306.4221884026356,2051.4501916887957,3854.369994556089,13185.557722252845,4531.7096086448955,2420.9315360573078,2720.4024234201347,730.587890093885,10170.243916937598,36855.54872650726,15186.891171910576,34093.39048936092,13907.932520966448,21242.053172252887,16378.05214818695,29135.592234796848,5036.522312445248,41625.24349391363,15200.34373557096,1504.9212970972376,40435.913685502506,46575.67665368567,9320.242206495313,14656.999836387438,16291.754572225871,2997.2935972005616,14650.382194279013,17983.425220818943,16612.75310570788,7018.9257034029515,14180.982857192957,5392.3301826805655,3984.244726462844,5865.800380449173,1825.4096658420583,5330.316311629421,9244.3136620039,37942.63797332078,19328.307235964232,7855.534072088098,15943.437834873095,9162.310266778139,2154.141748730957
59601.63297326128,23578.970391311093,1462.3652311679796,44936.68968774174,11831.852490852507,7639.793301402177,19849.45816767528,5528.516474391367,6188.887768773846,26062.200964145162,19442.1917488257,15338.506207873925,16380.23446119684,7582.995585904457,9343.286307398908,6844.0751241156395,7954.739910412652,9188.416294371122,6807.724750165014,17166.964265851726,3904.7695205045734,3328.9043081541045,2065.2377621726487,3880.183272075202,13279.990638689309,4563.103464592371,2436.176979398203,2731.989660083116,733.1845719599478,9978.177408066489,36033.901237996586,14807.632266564542,33242.551868791226,13622.99931878282,20853.117875634125,16166.46115354053,28002.196625535154,4943.27691795445,39658.49102931106,14768.841564628348,1428.9306735906343,38435.57910470018,45060.345525881705,9153.490224441586,14133.246622553144,15519.692352205446,2922.109446334792,14581.072503377804,20415.98623255728,18376.52957260596,7600.640290414613,16019.971319662967,5550.77967771571,4266.998261413826,5981.050914541283,1958.6403983485955,5690.151418652898,9510.982402479443,41846.31398163985,19239.276611700403,7822.592393971503,16140.316580684956,9036.08605613457,2186.101913376391
58877.69902468682,23545.55942303362,1455.6881813296445,46310.66516124986,11838.05515699145,7647.302942261401,19615.161768918017,5484.845551310967,6121.042157937546,26192.517387970922,19239.6912791323,15402.205522411534,16575.17497234018,7497.3428228665425,9086.54030946766,6642.941013798985,7771.519429298403,8880.98988852007,6822.160068620639,17257.251381136975,3908.971785838695,3351.3323415880304,2078.9921637890193,3905.934449739533,13374.19637303098,4594.421796249904,2451.3857472964824,2743.549020640478,735.7750069464149,9706.806923248847,35172.129568242846,14629.508801578098,32673.371669375487,13242.593003557315,20897.446185397377,15969.508603885606,27545.25400666633,4811.530638373285,39058.99390896309,14623.512624865165,1399.468062805339,37550.19248954629,45168.3727644752,9089.768209518934,14066.814987881336,15213.994533403806,2907.812044780565,14562.021074414568,20840.341187226793,18684.216521262213,7702.119130345704,16340.77884406292,5525.789920032426,4316.3239975432625,5894.821160822794,1996.8211627074395,5793.271615364749,9405.256557676616,41610.548406905094,18946.59772145806,7650.170579465921,15957.610844424375,8826.384227147559,2191.677294978142
59991.00524345399,23596.94067045236,1465.9565226272673,47379.556454937236,11887.78628156868,7589.868053936378,19725.198312927976,5503.7549223358255,6148.174645749743,26427.653887735818,19200.072384404473,15481.594410976842,16682.48117475885,7564.999531958099,9138.821575887723,6652.9678442572085,7798.1462970901575,8943.591222118119,6834.283911664649,17375.18325816722,3897.0149150904235,3377.3240275722865,2094.9320390370126,3935.777302538376,13483.370716979913,4630.716383782846,2469.0110774270966,2756.9450797953114,738.7770432789765,9657.515338242765,35299.51185973755,14820.292171271389,32697.89091673082,13343.964189069684,20925.621892190116,15870.513005662111,27531.444767388075,4787.600320179508,39173.802031726635,14558.046795409826,1393.5967150240845,37659.90194521304,45091.379673360374,9099.227452115001,14095.841058691089,15403.77875606624,2960.5661429148568,14611.014564947287,21011.102121139153,18808.030110871285,7742.954334904794,16469.87217017911,5454.011092805791,4336.172732122831,5804.523892151266,1984.497231812061,5759.986631899889,9416.624745434983,40449.946671444144,19027.157394417864,7699.220443453674,15694.479350203212,8839.280830557618,2193.9208348056586
60721.361840730475,23630.64805556186,1472.692810518045,47975.003041586715,11905.776609906085,7634.793492553926,19600.71240436929,5499.727586429607,6141.006119316377,26368.325185048772,19185.531266064478,15399.507528024296,16747.015064063897,7609.754109454915,9175.098277473036,6686.517830687927,7886.685161379244,8987.02876785629,6633.022413989318,17119.437090334726,3862.334121428293,3330.9166248740544,2066.4718526209736,3882.4937522756413,13288.443087335261,4565.913447864165,2437.5415597896035,2733.0268041712343,733.416994246225,9478.181555800329,34783.60993342178,14710.295506269294,32290.185304037837,13158.959934645385,20710.129790036557,15626.617892344095,27255.556301167355,4700.536470948252,38736.48481114216,14481.317678501237,1391.487154398345,37615.44123971392,45294.51707134832,9070.604880143517,14147.383374237103,15510.695304551798,2995.8739771750343,14643.727634690318,21639.882595400533,19263.939828598253,7893.318815947697,16945.223054829843,5463.82624211986,4409.260272537577,5828.841599850815,2028.7149113178154,5879.411580896081,9574.572043108052,40372.11326121446,19329.398357794336,7820.291924743806,16141.57236318764,9026.096787412418,2202.1820573113646
61022.26692309062,23644.53541232346,1475.468144215113,48469.29065887411,11923.432142812386,7796.777998522807,19499.55102715139,5458.737449228948,6076.863998546618,26461.56569036293,19042.400348721527,15525.625728364208,17055.09306178238,7621.7140732489115,9155.40178972179,6681.205259556382,7905.992238277806,8963.444289390633,6698.4639961539415,17399.807985023315,3940.379358481799,3364.0265717980906,2086.7771318525074,3920.509573339241,13427.516666140255,4612.147920317364,2459.9938839109914,2750.0915997459083,737.2411888816398,9488.762141383275,35185.20551353067,14852.452261775128,32360.845998448476,13184.6996552513,20878.687215963917,15627.546395457824,27283.597652918947,4705.673184372894,39556.62462097605,14629.081116876812,1370.705338571349,37720.41083554916,46523.88094815493,9031.38093997639,14005.16002764149,15470.221429307621,3007.872939462508,14633.623874116996,22504.892212667917,19891.13216159937,8100.174353303778,17599.16049319043,5522.440836812661,4509.806374443659,5871.463951701017,2108.650656145821,6095.30536533452,9632.569491534656,41025.8210156189,19704.77304373539,7916.692866185086,16746.163567096253,9155.16647152927,2213.5469725930684
61695.36565890789,23675.60023038895,1481.6763264890355,50817.013853558055,12013.373758963797,8154.7009403449565,20370.80504342832,5476.325396955128,6100.806387819254,27291.278217839434,19088.757123473322,16376.234879443095,18351.625231628896,7667.937528814462,9215.44940228357,6739.19290330514,8055.971697012219,9035.34500730067,7093.120371862793,18488.12729203839,4111.688121650448,3533.913452062598,2190.963363572807,4115.5684573405515,14141.102113809753,4849.376636399641,2575.196584266518,2837.6509349827074,756.8631016144775,10025.01827843885,37811.20997402432,15604.792237006384,34158.765105062594,13836.284371169388,21486.44291424622,16471.623269082364,28580.253575986404,4966.017456346766,43688.800575694375,15190.900131795095,1377.4276927069536,39346.93846688191,49801.21767565637,9052.187261707502,14028.342917640906,15713.064503680303,3051.3215157595077,14708.120682745375,23009.914843815768,20257.308809434766,8220.943795845345,17980.951865105104,5576.285535312126,4568.508678325421,5862.242440061293,2178.0218235476186,6282.665900332985,9696.705910357954,41428.27789016386,19690.349719244983,7924.464107437363,17200.76777512001,9194.46755101062,2220.182204253107
64898.21298669429,23823.41786495851,1511.2171046552512,56584.39153919112,12234.14649493263,8790.101582023502,22119.33217423312,5722.829830031366,6468.023654068945,28970.292402527677,19729.599853507538,18227.358575228427,20665.208752960447,7910.828064349886,9623.85253617589,7090.364359910313,8656.231473322034,9524.364924305932,7715.949300324276,20263.16063618681,4385.700338221638,3798.3700326142125,2353.146190288152,4419.20935762107,15251.914015640943,5218.661743771854,2754.5283376093826,2973.951292067924,787.4078024540627,11197.00733702026,43174.32134667799,17037.614450487144,37502.0303012688,15154.98321771907,22829.34733323327,18031.53659610581,31053.70800776822,5535.000474235997,51710.54592855296,16259.60951629176,1470.2625005058835,43207.72315821533,55554.463422334775,9325.46214552512,14688.590606844326,16629.10673974361,3220.220261403591,14968.13356684208,23146.83942030254,20356.58867318324,8253.687484516275,18084.465281692344,5568.3285597589065,4584.424377294036,5862.085491321815,2188.1967901203684,6310.1468755783735,9778.3904344845,41106.71013852451,20178.65053653304,8087.8992929604965,17382.252968868546,9380.193140491801,2221.981185693966
69442.72379938018,24033.155894984513,1553.1324290956798,62773.62493632082,12509.26907614957,8947.132359369167,24473.814999936392,6149.691790495079,7103.4374989225535,31957.557605369755,20899.948315746853,19573.065546146194,22614.46835377542,8281.934003547374,10344.8665312857,7688.625162712705,9488.645697797081,10387.703563508587,8728.42745957633,22904.784855558035,4855.732397365142,4200.704460770042,2599.885124518975,4881.157355433616,16941.862008042866,5780.478401372627,3027.3570118062853,3181.313596830599,833.8773767215431,12742.95382589828,49425.5624625829,18753.33472765812,42022.25188059705,16910.44405910959,25213.330655618895,20459.384160320926,34400.07127042543,6285.534187705753,56929.380883089056,17025.897195201025,1639.896734623459,48021.12887284943,60214.157519164146,9850.939054092807,16074.584246118942,18064.913700118734,3415.0565207270342,15290.997824856024,23735.54117515432,20783.43852514521,8394.467673226743,18529.51711606293,5738.625219331706,4652.853288403895,6094.412911773491,2249.9699167976382,6476.986305382535,10008.470789907366,41904.98162645137,21735.371016327856,8643.305584082196,18242.01060122754,10027.412140264545,2229.715835206347
75577.64983501348,24316.29467869497,1609.71660794906,58859.69075422765,12647.163017398176,8266.156945865228,24508.46100205144,6578.098321687651,7743.897972114686,31784.559378391314,22060.458107326955,18251.694487069683,20702.7842835955,8764.898368046861,11221.88110209432,8429.234986334559,10196.941197902415,11437.836534145144,8875.223112759411,22712.604506248088,4766.289768442864,4200.803712482524,2599.945992578741,4881.271312725673,16942.278902334827,5780.616996824382,3027.4243156449984,3181.3647515131624,833.8888402681866,12073.539690489326,46158.92808405135,17775.196672889386,40418.46535144326,16143.57921104285,25802.500274819624,19418.237374067176,33073.34885650666,5960.543714110396,53094.65986229943,16712.150351182216,1808.0774004200841,48291.40819316611,58385.95965028281,10483.81213422063,17824.83115745857,20026.577362526583,3721.1047875807158,15447.231579967447,25627.355116270817,22155.135634413084,8846.869797214978,19959.706937854033,6131.53912190187,4872.752018433891,6661.897935333613,2441.715131683576,6994.85976154251,10732.206111388628,45433.31630430372,23788.339455795645,9274.434196771592,20102.50531873662,10644.217484518564,2254.5714033429267
74443.78830229233,24263.964764183762,1599.258678363517,51044.267244301496,12429.045344423866,7824.710439325703,21964.327779429124,6237.237172590064,7237.520886660891,28996.775020922883,21239.37232629014,16333.738603111344,18054.812323227503,8651.897076863455,10932.85496430286,8148.156805889992,9680.562137935714,11091.758043232665,8049.9277351925175,20462.63370511704,4393.603275224837,3826.5822191576835,2370.4478292156177,4451.601721473329,15370.41524875292,5258.0570208654035,2773.6594206804493,2988.4917933594998,790.6663063725956,10840.652602958065,40873.442152848766,16245.222716779219,36248.94155112683,14719.882429862499,23247.523266862732,17236.969814162145,30607.424551076096,5361.995623138999,47043.197699291755,15888.708004385115,1689.226963767071,44837.749711179415,52802.56715935724,10177.575651690853,16870.142703162037,19168.860146185023,3604.281204199465,15187.07059777503,28750.0665358824,24419.31929928683,9593.624670847646,22320.441269118408,6641.550854196175,5235.726550066831,7349.042743435753,2808.1404150157614,7984.516412240227,11807.082639834285,51501.91538665,25897.04076876548,9813.351769556148,22850.714541657173,11759.510210777366,2295.599098311054
66660.1120697504,23904.732947063792,1527.4676042639405,45408.29757686388,12114.846019036864,7557.08491430751,20288.380561928963,5750.513571446503,6513.573622392078,27065.324142236197,19985.51395588366,15486.049504742974,17039.748926485623,8076.988422088986,10022.537505327798,7363.168017466904,8677.15535479961,10001.748362166327,7785.46928699445,19749.29374630837,4259.686802862253,3692.816398126682,2288.4134962370754,4298.0159252326575,14808.55112328128,5071.267470773478,2682.950922815813,2919.5491740709563,775.2163711950554,10455.863467031553,39255.54892877494,15785.871185301286,34427.7942082162,14277.641492547848,21591.243685424794,16489.984065898036,29937.986754668247,5175.186301041858,44759.427400903034,15289.09490307544,1507.6029396629497,41777.07993314182,49277.889718499195,9409.080790863507,14993.30429471973,16934.77300814044,3240.4306798988105,14831.225429664784,31913.014493147373,26712.67725982885,10350.001576565937,24711.593961558912,6806.520770038776,5603.37805486586,7401.041625657988,3061.7901726742516,8669.584231723937,12093.374239544482,55983.4793771863,23907.22643091632,9268.975931975961,24123.973157165263,11168.977689995878,2337.1554409621363
63003.05344728635,23735.95256857466,1493.7375053320552,40619.39020945397,11896.657008234493,7177.717173861395,19095.977306366225,5557.37968441999,6225.640862792395,25706.890480668473,19501.01194873195,14388.650733209342,15617.332532425617,7828.378100578998,9709.813973084594,7099.136171388918,8369.964546171657,9627.294730760608,6579.46108475944,16521.128762009008,3683.0829855243182,3224.597397916851,2001.2696449773412,3760.4212904338788,12841.864433662313,4417.4501089380965,2365.4449860106956,2678.230101451184,721.1371373716372,9198.318053656943,34026.43584740009,14665.37919383863,32196.327834685057,13038.679757654505,20587.12951205509,15421.168372533957,27981.9528511163,4564.666960208296,40591.886211776786,14636.67444138323,1437.4435085520684,39806.2810840065,45037.55522624452,9070.800653552695,14193.723000381091,16227.197494714103,3101.5071083191224,14628.61808320962,28885.53564793334,24517.543859555273,9626.020305782686,22422.85437301535,6280.909710227771,5251.473069944126,6695.602240847324,2747.366371012892,7820.375346450329,11134.931260502972,51127.64033005329,20981.66529142281,8370.261687256754,21168.22698143545,9911.465568768712,2297.378957480294
58724.725357039366,23538.499387151558,1454.2772607707382,36276.42298344453,11694.30005184095,6798.766267493842,17856.94274550161,5273.96108754104,5802.603509615459,24097.91353186514,18757.46583179061,13350.324118101264,14184.541036286846,7520.320642364765,9251.927673817907,6677.297285592152,7879.81051820773,9079.02391182384,5970.648433177622,14871.049065835008,3407.4521600900366,3011.647892505949,1870.6744726167244,3515.9192282894064,11947.400614912673,4120.089079567577,2221.0409110262785,2568.4763809158976,696.5414970986062,8434.482530266585,30866.331509368556,13669.23454053808,29760.20885287084,12130.10058966761,19163.76555654526,14226.995562920372,26215.37491333564,4193.836329523261,37236.96078825151,14012.916167860922,1329.7226852481783,36955.321234560666,41515.306624358156,8706.510832049898,13131.490460313764,15161.944157528087,2920.5502082377625,14387.620447888654,24549.58230914173,21373.675151400043,8589.134776329516,19144.92295386268,5688.241032273244,4747.474968194339,5976.30292199388,2338.138507262696,6715.115704473686,10125.614658548982,43673.83802169888,19998.613201321677,8050.777423118796,18206.626159538664,9521.829297271348,2240.411101748523
53249.00846831741,23285.784396369527,1403.7731563778516,33181.29555071966,11524.075937681922,6450.240153070218,16958.927515114465,4985.268861505986,5371.892909622736,22694.510366928,18061.48209805538,12747.172661192779,13355.257316388104,7147.6877683465145,8781.609494421731,6235.123583344068,7416.8217222455105,8515.867219026228,5488.782988840255,13571.191823035253,3261.9848975200857,2860.6737665364794,1778.0868334093889,3342.575387051069,11313.255475427033,3909.269987561675,2118.663217680369,2490.6646393802116,679.1040051273358,8024.46640018205,29007.387757375094,12967.868010642087,28017.40792297705,11569.897206975562,17741.965543608396,13388.609640532428,25076.145971488448,3994.77967989731,35895.00063043546,13573.339277256808,1228.9844424755586,34990.94017381437,39084.78437862012,8261.953612416417,12057.801688451978,13927.187691887484,2694.7796306892055,14201.228926772077,22788.851780159737,20097.02266704309,8168.079506065837,17813.830696638437,5391.398351280066,4542.81297646121,5600.355122243912,2202.6771211186174,6349.255952759589,9605.093129937455,40479.83097157449,18817.520708526084,7734.798600472479,16792.08376853511,8950.103027663909,2217.2777704970904
