{
    "hydro_res": {
        "global_data": {
            "storage": {
                "commodity": "Electricity"
            },
            "edges": {
                "discharge_edge": {
                    "unidirectional": true,
                    "has_capacity": true,
                    "type": "Electricity"
                },
                "inflow_edge": {
                    "unidirectional": true,
                    "has_capacity": true,
                    "type": "Electricity"
                },
                "spill_edge": {
                    "unidirectional": true,
                    "has_capacity": false,
                    "type": "Electricity"
                }
            }
        },
        "instance_data": [
            {
                "id": "MIDAT_conventional_hydroelectric_1",
                "storage": {
                    "can_retire": false,
                    "can_expand": false,
                    "constraints": {
                        "StorageChargeDischargeRatioConstraint": true,
                        "BalanceConstraint": true,
                        "MinStorageOutflowConstraint": true
                    },
                    "max_duration": 0,
                    "fixed_om_cost": 0,
                    "long_duration": false,
                    "min_outflow_fraction": 0.109311313,
                    "charge_discharge_ratio": 1,
                    "investment_cost": 0,
                    "loss_fraction": 0,
                    "capacity_size": 0,
                    "existing_capacity": 0
                },
                "edges": {
                    "discharge_edge": {
                        "can_retire": false,
                        "max_capacity": 0,
                        "can_expand": false,
                        "constraints": {
                            "StorageDischargeLimitConstraint": true,
                            "RampingLimitConstraint": true,
                            "CapacityConstraint": true
                        },
                        "min_capacity": 0,
                        "fixed_om_cost": 45648,
                        "ramp_up_fraction": 0.083,
                        "end_vertex": "elec_MIDAT",
                        "investment_cost": 0,
                        "variable_om_cost": 0,
                        "efficiency": 1,
                        "capacity_size": 1,
                        "availability": [
                            1
                        ],
                        "existing_capacity": 2806.182,
                        "ramp_down_fraction": 0.083
                    },
                    "inflow_edge": {
                        "can_retire": false,
                        "can_expand": false,
                        "constraints": {
                            "MustRunConstraint": true
                        },
                        "start_vertex": "water_node",
                        "fixed_om_cost": 0,
                        "investment_cost": 0,
                        "variable_om_cost": 0,
                        "efficiency": 1,
                        "capacity_size": 1,
                        "availability": {
                            "timeseries": {
                                "header": "MIDAT_conventional_hydroelectric_1",
                                "path": "system/hydro_availability.csv"
                            }
                        },
                        "existing_capacity": 2806.182
                    },
                    "spill_edge": {
                        "end_vertex": "water_node",
                        "type": "Electricity"
                    }
                }
            },
            {
                "id": "NE_conventional_hydroelectric_1",
                "storage": {
                    "can_retire": false,
                    "can_expand": false,
                    "constraints": {
                        "StorageChargeDischargeRatioConstraint": true,
                        "BalanceConstraint": true,
                        "MinStorageOutflowConstraint": true
                    },
                    "max_duration": 0,
                    "fixed_om_cost": 0,
                    "long_duration": false,
                    "min_outflow_fraction": 0.095,
                    "charge_discharge_ratio": 1,
                    "investment_cost": 0,
                    "loss_fraction": 0,
                    "capacity_size": 0,
                    "existing_capacity": 0
                },
                "edges": {
                    "discharge_edge": {
                        "can_retire": false,
                        "max_capacity": 0,
                        "can_expand": false,
                        "constraints": {
                            "StorageDischargeLimitConstraint": true,
                            "RampingLimitConstraint": true,
                            "CapacityConstraint": true
                        },
                        "min_capacity": 0,
                        "fixed_om_cost": 45648,
                        "ramp_up_fraction": 0.083,
                        "end_vertex": "elec_NE",
                        "investment_cost": 0,
                        "variable_om_cost": 0,
                        "efficiency": 1,
                        "capacity_size": 1,
                        "availability": [
                            1
                        ],
                        "existing_capacity": 4729.48,
                        "ramp_down_fraction": 0.083
                    },
                    "inflow_edge": {
                        "can_retire": false,
                        "can_expand": false,
                        "constraints": {
                            "MustRunConstraint": true
                        },
                        "start_vertex": "water_node",
                        "fixed_om_cost": 0,
                        "investment_cost": 0,
                        "variable_om_cost": 0,
                        "efficiency": 1,
                        "capacity_size": 1,
                        "availability": {
                            "timeseries": {
                                "header": "NE_conventional_hydroelectric_1",
                                "path": "system/hydro_availability.csv"
                            }
                        },
                        "existing_capacity": 4729.48
                    },
                    "spill_edge": {
                        "end_vertex": "water_node",
                        "type": "Electricity"
                    }
                }
            },
            {
                "id": "SE_conventional_hydroelectric_1",
                "storage": {
                    "can_retire": false,
                    "can_expand": false,
                    "constraints": {
                        "StorageChargeDischargeRatioConstraint": true,
                        "BalanceConstraint": true,
                        "MinStorageOutflowConstraint": true
                    },
                    "max_duration": 0,
                    "fixed_om_cost": 0,
                    "long_duration": false,
                    "min_outflow_fraction": 0.135129141,
                    "charge_discharge_ratio": 1,
                    "investment_cost": 0,
                    "loss_fraction": 0,
                    "capacity_size": 0,
                    "existing_capacity": 0
                },
                "edges": {
                    "discharge_edge": {
                        "can_retire": false,
                        "max_capacity": 0,
                        "can_expand": false,
                        "constraints": {
                            "StorageDischargeLimitConstraint": true,
                            "RampingLimitConstraint": true,
                            "CapacityConstraint": true
                        },
                        "min_capacity": 0,
                        "fixed_om_cost": 45648,
                        "ramp_up_fraction": 0.083,
                        "end_vertex": "elec_SE",
                        "investment_cost": 0,
                        "variable_om_cost": 0,
                        "efficiency": 1,
                        "capacity_size": 1,
                        "availability": [
                            1
                        ],
                        "existing_capacity": 11123.215,
                        "ramp_down_fraction": 0.083
                    },
                    "inflow_edge": {
                        "can_retire": false,
                        "can_expand": false,
                        "constraints": {
                            "MustRunConstraint": true
                        },
                        "start_vertex": "water_node",
                        "fixed_om_cost": 0,
                        "investment_cost": 0,
                        "variable_om_cost": 0,
                        "efficiency": 1,
                        "capacity_size": 1,
                        "availability": {
                            "timeseries": {
                                "header": "SE_conventional_hydroelectric_1",
                                "path": "system/hydro_availability.csv"
                            }
                        },
                        "existing_capacity": 11123.215
                    },
                    "spill_edge": {
                        "end_vertex": "water_node",
                        "type": "Electricity"
                    }
                }
            }
        ],
        "type": "HydroRes"
    }
}