{
    "MustRun": {
        "global_data": {
            "transforms": {
                "timedata": "Electricity"
            },
            "edges": {
                "elec_edge": {
                    "unidirectional": true,
                    "has_capacity": true,
                    "type": "Electricity"
                }
            }
        },
        "instance_data": [
            {
                "id": "MIDAT_small_hydroelectric_1",
                "edges": {
                    "elec_edge": {
                        "can_retire": false,
                        "max_capacity": 0,
                        "can_expand": false,
                        "constraints": {
                            "MustRunConstraint": true
                        },
                        "min_capacity": 0,
                        "fixed_om_cost": 45648,
                        "end_vertex": "elec_MIDAT",
                        "investment_cost": 0,
                        "variable_om_cost": 0,
                        "capacity_size": 1,
                        "availability": {
                            "timeseries": {
                                "header": "MIDAT_small_hydroelectric_1",
                                "path": "system/mustrun_availability.csv"
                            }
                        },
                        "type": "Electricity",
                        "existing_capacity": 263.268
                    }
                }
            },
            {
                "id": "NE_small_hydroelectric_1",
                "edges": {
                    "elec_edge": {
                        "can_retire": false,
                        "max_capacity": 0,
                        "can_expand": false,
                        "constraints": {
                            "MustRunConstraint": true
                        },
                        "min_capacity": 0,
                        "fixed_om_cost": 45648,
                        "end_vertex": "elec_NE",
                        "investment_cost": 0,
                        "variable_om_cost": 0,
                        "capacity_size": 1,
                        "availability": {
                            "timeseries": {
                                "header": "NE_small_hydroelectric_1",
                                "path": "system/mustrun_availability.csv"
                            }
                        },
                        "type": "Electricity",
                        "existing_capacity": 834.494
                    }
                }
            },
            {
                "id": "SE_small_hydroelectric_1",
                "edges": {
                    "elec_edge": {
                        "can_retire": false,
                        "max_capacity": 0,
                        "can_expand": false,
                        "constraints": {
                            "MustRunConstraint": true
                        },
                        "min_capacity": 0,
                        "fixed_om_cost": 45648,
                        "end_vertex": "elec_SE",
                        "investment_cost": 0,
                        "variable_om_cost": 0,
                        "capacity_size": 1,
                        "availability": {
                            "timeseries": {
                                "header": "SE_small_hydroelectric_1",
                                "path": "system/mustrun_availability.csv"
                            }
                        },
                        "type": "Electricity",
                        "existing_capacity": 249.895
                    }
                }
            }
        ],
        "type": "MustRun"
    }
}