{
    "elec_stor": {
        "global_data": {
            "storage": {
                "commodity": "Electricity"
            },
            "edges": {
                "discharge_edge": {
                    "unidirectional": true,
                    "type": "Electricity"
                },
                "charge_edge": {
                    "unidirectional": true,
                    "type": "Electricity"
                }
            }
        },
        "instance_data": [
            {
                "id": "MIDAT_hydroelectric_pumped_storage_1",
                "storage": {
                    "min_storage_level": 0,
                    "can_retire": false,
                    "max_capacity": -1,
                    "can_expand": false,
                    "constraints": {
                        "StorageCapacityConstraint": true,
                        "StorageMaxDurationConstraint": true,
                        "StorageSymmetricCapacityConstraint": true,
                        "BalanceConstraint": true
                    },
                    "max_duration": 200,
                    "min_capacity": 0,
                    "fixed_om_cost": 0,
                    "long_duration": false,
                    "max_storage_level": 1,
                    "charge_discharge_ratio": 1,
                    "investment_cost": 0,
                    "loss_fraction": 0,
                    "capacity_size": 1,
                    "min_duration": 0,
                    "existing_capacity": 0
                },
                "edges": {
                    "discharge_edge": {
                        "can_retire": false,
                        "max_capacity": 0,
                        "can_expand": false,
                        "constraints": {
                            "StorageDischargeLimitConstraint": true,
                            "CapacityConstraint": true
                        },
                        "min_capacity": 0,
                        "fixed_om_cost": 39399,
                        "end_vertex": "elec_MIDAT",
                        "investment_cost": 0,
                        "variable_om_cost": 0,
                        "has_capacity": true,
                        "efficiency": 0.866,
                        "capacity_size": 1,
                        "existing_capacity": 5244
                    },
                    "charge_edge": {
                        "can_retire": false,
                        "max_capacity": -1,
                        "can_expand": false,
                        "constraints": {
                        },
                        "start_vertex": "elec_MIDAT",
                        "min_capacity": 0,
                        "fixed_om_cost": 0,
                        "investment_cost": 0,
                        "variable_om_cost": 0,
                        "has_capacity": false,
                        "efficiency": 0.866,
                        "capacity_size": 1,
                        "existing_capacity": 0
                    }
                }
            },
            {
                "id": "NE_hydroelectric_pumped_storage_1",
                "storage": {
                    "min_storage_level": 0,
                    "can_retire": false,
                    "max_capacity": -1,
                    "can_expand": false,
                    "constraints": {
                        "StorageCapacityConstraint": true,
                        "StorageMaxDurationConstraint": true,
                        "StorageSymmetricCapacityConstraint": true,
                        "BalanceConstraint": true
                    },
                    "max_duration": 200,
                    "min_capacity": 0,
                    "fixed_om_cost": 0,
                    "long_duration": false,
                    "max_storage_level": 1,
                    "charge_discharge_ratio": 1,
                    "investment_cost": 0,
                    "loss_fraction": 0,
                    "capacity_size": 1,
                    "min_duration": 0,
                    "existing_capacity": 0
                },
                "edges": {
                    "discharge_edge": {
                        "can_retire": false,
                        "max_capacity": 0,
                        "can_expand": false,
                        "constraints": {
                            "StorageDischargeLimitConstraint": true,
                            "CapacityConstraint": true
                        },
                        "min_capacity": 0,
                        "fixed_om_cost": 39399,
                        "end_vertex": "elec_NE",
                        "investment_cost": 0,
                        "variable_om_cost": 0,
                        "has_capacity": true,
                        "efficiency": 0.866,
                        "capacity_size": 1,
                        "existing_capacity": 3206.9
                    },
                    "charge_edge": {
                        "can_retire": false,
                        "max_capacity": -1,
                        "can_expand": false,
                        "constraints": {
                        },
                        "start_vertex": "elec_NE",
                        "min_capacity": 0,
                        "fixed_om_cost": 0,
                        "investment_cost": 0,
                        "variable_om_cost": 0,
                        "has_capacity": false,
                        "efficiency": 0.866,
                        "capacity_size": 1,
                        "existing_capacity": 0
                    }
                }
            },
            {
                "id": "SE_hydroelectric_pumped_storage_1",
                "storage": {
                    "min_storage_level": 0,
                    "can_retire": false,
                    "max_capacity": -1,
                    "can_expand": false,
                    "constraints": {
                        "StorageCapacityConstraint": true,
                        "StorageMaxDurationConstraint": true,
                        "StorageSymmetricCapacityConstraint": true,
                        "BalanceConstraint": true
                    },
                    "max_duration": 200,
                    "min_capacity": 0,
                    "fixed_om_cost": 0,
                    "long_duration": false,
                    "max_storage_level": 1,
                    "charge_discharge_ratio": 1,
                    "investment_cost": 0,
                    "loss_fraction": 0,
                    "capacity_size": 1,
                    "min_duration": 0,
                    "existing_capacity": 0
                },
                "edges": {
                    "discharge_edge": {
                        "can_retire": false,
                        "max_capacity": 0,
                        "can_expand": false,
                        "constraints": {
                            "StorageDischargeLimitConstraint": true,
                            "CapacityConstraint": true
                        },
                        "min_capacity": 0,
                        "fixed_om_cost": 39399,
                        "end_vertex": "elec_SE",
                        "investment_cost": 0,
                        "variable_om_cost": 0,
                        "has_capacity": true,
                        "efficiency": 0.866,
                        "capacity_size": 1,
                        "existing_capacity": 6261.984
                    },
                    "charge_edge": {
                        "can_retire": false,
                        "max_capacity": -1,
                        "can_expand": false,
                        "constraints": {
                        },
                        "start_vertex": "elec_SE",
                        "min_capacity": 0,
                        "fixed_om_cost": 0,
                        "investment_cost": 0,
                        "variable_om_cost": 0,
                        "has_capacity": false,
                        "efficiency": 0.866,
                        "capacity_size": 1,
                        "existing_capacity": 0
                    }
                }
            },
            {
                "id": "SE_battery_moderate_0",
                "storage": {
                    "min_storage_level": 0,
                    "can_retire": true,
                    "max_capacity": -1,
                    "can_expand": true,
                    "constraints": {
                        "StorageCapacityConstraint": true,
                        "StorageMaxDurationConstraint": true,
                        "StorageSymmetricCapacityConstraint": true,
                        "BalanceConstraint": true,
                        "StorageMinDurationConstraint": true
                    },
                    "max_duration": 10,
                    "min_capacity": 0,
                    "fixed_om_cost": 4477.587766,
                    "long_duration": false,
                    "max_storage_level": 1,
                    "charge_discharge_ratio": 1,
                    "investment_cost": 17013.88552,
                    "loss_fraction": 0,
                    "capacity_size": 1,
                    "min_duration": 1,
                    "existing_capacity": 0
                },
                "edges": {
                    "discharge_edge": {
                        "can_retire": true,
                        "max_capacity": -1,
                        "can_expand": true,
                        "constraints": {
                            "StorageDischargeLimitConstraint": true,
                            "CapacityConstraint": true
                        },
                        "min_capacity": 0,
                        "fixed_om_cost": 7075.764437,
                        "end_vertex": "elec_SE",
                        "investment_cost": 26886.40679,
                        "variable_om_cost": 1,
                        "has_capacity": true,
                        "efficiency": 0.92,
                        "capacity_size": 1,
                        "existing_capacity": 0
                    },
                    "charge_edge": {
                        "can_retire": false,
                        "max_capacity": -1,
                        "can_expand": false,
                        "constraints": {
                        },
                        "start_vertex": "elec_SE",
                        "min_capacity": 0,
                        "fixed_om_cost": 0,
                        "investment_cost": 0,
                        "variable_om_cost": 1,
                        "has_capacity": false,
                        "efficiency": 0.92,
                        "capacity_size": 1,
                        "existing_capacity": 0
                    }
                }
            },
            {
                "id": "MIDAT_battery_moderate_0",
                "storage": {
                    "min_storage_level": 0,
                    "can_retire": true,
                    "max_capacity": -1,
                    "can_expand": true,
                    "constraints": {
                        "StorageCapacityConstraint": true,
                        "StorageMaxDurationConstraint": true,
                        "StorageSymmetricCapacityConstraint": true,
                        "BalanceConstraint": true,
                        "StorageMinDurationConstraint": true
                    },
                    "max_duration": 10,
                    "min_capacity": 0,
                    "fixed_om_cost": 4477.587766,
                    "long_duration": false,
                    "max_storage_level": 1,
                    "charge_discharge_ratio": 1,
                    "investment_cost": 16710.36394,
                    "loss_fraction": 0,
                    "capacity_size": 1,
                    "min_duration": 1,
                    "existing_capacity": 0
                },
                "edges": {
                    "discharge_edge": {
                        "can_retire": true,
                        "max_capacity": -1,
                        "can_expand": true,
                        "constraints": {
                            "StorageDischargeLimitConstraint": true,
                            "CapacityConstraint": true
                        },
                        "min_capacity": 0,
                        "fixed_om_cost": 7075.764437,
                        "end_vertex": "elec_MIDAT",
                        "investment_cost": 26406.76299,
                        "variable_om_cost": 1,
                        "has_capacity": true,
                        "efficiency": 0.92,
                        "capacity_size": 1,
                        "existing_capacity": 0
                    },
                    "charge_edge": {
                        "can_retire": false,
                        "max_capacity": -1,
                        "can_expand": false,
                        "constraints": {
                        },
                        "start_vertex": "elec_MIDAT",
                        "min_capacity": 0,
                        "fixed_om_cost": 0,
                        "investment_cost": 0,
                        "variable_om_cost": 1,
                        "has_capacity": false,
                        "efficiency": 0.92,
                        "capacity_size": 1,
                        "existing_capacity": 0
                    }
                }
            },
            {
                "id": "NE_battery_moderate_0",
                "storage": {
                    "min_storage_level": 0,
                    "can_retire": true,
                    "max_capacity": -1,
                    "can_expand": true,
                    "constraints": {
                        "StorageCapacityConstraint": true,
                        "StorageMaxDurationConstraint": true,
                        "StorageSymmetricCapacityConstraint": true,
                        "BalanceConstraint": true,
                        "StorageMinDurationConstraint": true
                    },
                    "max_duration": 10,
                    "min_capacity": 0,
                    "fixed_om_cost": 4477.587766,
                    "long_duration": false,
                    "max_storage_level": 1,
                    "charge_discharge_ratio": 1,
                    "investment_cost": 17016.10912,
                    "loss_fraction": 0,
                    "capacity_size": 1,
                    "min_duration": 1,
                    "existing_capacity": 0
                },
                "edges": {
                    "discharge_edge": {
                        "can_retire": true,
                        "max_capacity": -1,
                        "can_expand": true,
                        "constraints": {
                            "StorageDischargeLimitConstraint": true,
                            "CapacityConstraint": true
                        },
                        "min_capacity": 0,
                        "fixed_om_cost": 7075.764437,
                        "end_vertex": "elec_NE",
                        "investment_cost": 26889.92066,
                        "variable_om_cost": 1,
                        "has_capacity": true,
                        "efficiency": 0.92,
                        "capacity_size": 1,
                        "existing_capacity": 0
                    },
                    "charge_edge": {
                        "can_retire": false,
                        "max_capacity": -1,
                        "can_expand": false,
                        "constraints": {
                        },
                        "start_vertex": "elec_NE",
                        "min_capacity": 0,
                        "fixed_om_cost": 0,
                        "investment_cost": 0,
                        "variable_om_cost": 1,
                        "has_capacity": false,
                        "efficiency": 0.92,
                        "capacity_size": 1,
                        "existing_capacity": 0
                    }
                }
            }
        ],
        "type": "Battery"
    }
}