{
    "ThermalPower": {
        "global_data": {
            "transforms": {
                "constraints": {
                    "BalanceConstraint": true
                }
            },
            "edges": {
                "co2_edge": {
                    "unidirectional": true,
                    "has_capacity": false
                },
                "elec_edge": {
                    "unidirectional": true,
                    "has_capacity": true
                },
                "fuel_edge": {
                    "unidirectional": true,
                    "has_capacity": false
                }
            }
        },
        "instance_data": [
            {
                "transforms": {
                    "timedata": "NaturalGas",
                    "fuel_consumption": 2.24961353332,
                    "emission_rate": 0.181048235160161
                },
                "id": "MIDAT_natural_gas_fired_combined_cycle_1",
                "edges": {
                    "co2_edge": {
                        "end_vertex": "co2_sink_1",
                        "type": "CO2"
                    },
                    "elec_edge": {
                        "can_retire": true,
                        "min_up_time": 6,
                        "max_capacity": 0,
                        "can_expand": false,
                        "min_flow_fraction": 0.444,
                        "constraints": {
                            "MinFlowConstraint": true,
                            "RampingLimitConstraint": true,
                            "CapacityConstraint": true,
                            "MinDownTimeConstraint": true,
                            "MinUpTimeConstraint": true
                        },
                        "min_capacity": 0,
                        "fixed_om_cost": 16001,
                        "uc": true,
                        "ramp_up_fraction": 0.64,
                        "startup_cost": 89.34,
                        "end_vertex": "elec_MIDAT",
                        "investment_cost": 0,
                        "variable_om_cost": 4.415,
                        "startup_fuel_consumption": 0.58614214,
                        "min_down_time": 6,
                        "capacity_size": 125.825,
                        "availability": [
                            1
                        ],
                        "type": "Electricity",
                        "existing_capacity": 4026.4,
                        "ramp_down_fraction": 0.64
                    },
                    "fuel_edge": {
                        "start_vertex": "MIDAT_reference_naturalgas",
                        "type": "NaturalGas"
                    }
                }
            },
            {
                "transforms": {
                    "timedata": "NaturalGas",
                    "fuel_consumption": 2.00255462131,
                    "emission_rate": 0.181048235160161
                },
                "id": "MIDAT_natural_gas_fired_combined_cycle_2",
                "edges": {
                    "co2_edge": {
                        "end_vertex": "co2_sink_1",
                        "type": "CO2"
                    },
                    "elec_edge": {
                        "can_retire": true,
                        "min_up_time": 6,
                        "max_capacity": 0,
                        "can_expand": false,
                        "min_flow_fraction": 0.38,
                        "constraints": {
                            "MinFlowConstraint": true,
                            "RampingLimitConstraint": true,
                            "CapacityConstraint": true,
                            "MinDownTimeConstraint": true,
                            "MinUpTimeConstraint": true
                        },
                        "min_capacity": 0,
                        "fixed_om_cost": 11965,
                        "uc": true,
                        "ramp_up_fraction": 0.64,
                        "startup_cost": 89.34,
                        "end_vertex": "elec_MIDAT",
                        "investment_cost": 0,
                        "variable_om_cost": 3.452,
                        "startup_fuel_consumption": 0.58614214,
                        "min_down_time": 6,
                        "capacity_size": 588.943,
                        "availability": [
                            1
                        ],
                        "type": "Electricity",
                        "existing_capacity": 31802.922,
                        "ramp_down_fraction": 0.64
                    },
                    "fuel_edge": {
                        "start_vertex": "MIDAT_reference_naturalgas",
                        "type": "NaturalGas"
                    }
                }
            },
            {
                "transforms": {
                    "timedata": "NaturalGas",
                    "fuel_consumption": 3.59861966853,
                    "emission_rate": 0.181048235160161
                },
                "id": "MIDAT_natural_gas_fired_combined_cycle_3",
                "edges": {
                    "co2_edge": {
                        "end_vertex": "co2_sink_1",
                        "type": "CO2"
                    },
                    "elec_edge": {
                        "can_retire": true,
                        "min_up_time": 6,
                        "max_capacity": 0,
                        "can_expand": false,
                        "min_flow_fraction": 0.217,
                        "constraints": {
                            "MinFlowConstraint": true,
                            "RampingLimitConstraint": true,
                            "CapacityConstraint": true,
                            "MinDownTimeConstraint": true,
                            "MinUpTimeConstraint": true
                        },
                        "min_capacity": 0,
                        "fixed_om_cost": 11069.135,
                        "uc": true,
                        "ramp_up_fraction": 0.64,
                        "startup_cost": 89.34,
                        "end_vertex": "elec_MIDAT",
                        "investment_cost": 0,
                        "variable_om_cost": 3.505,
                        "startup_fuel_consumption": 0.58614214,
                        "min_down_time": 6,
                        "capacity_size": 212.212,
                        "availability": [
                            1
                        ],
                        "type": "Electricity",
                        "existing_capacity": 1697.696,
                        "ramp_down_fraction": 0.64
                    },
                    "fuel_edge": {
                        "start_vertex": "MIDAT_reference_naturalgas",
                        "type": "NaturalGas"
                    }
                }
            },
            {
                "transforms": {
                    "timedata": "NaturalGas",
                    "fuel_consumption": 2.1013195719,
                    "emission_rate": 0.181048235160161
                },
                "id": "MIDAT_natural_gas_fired_combined_cycle_4",
                "edges": {
                    "co2_edge": {
                        "end_vertex": "co2_sink_1",
                        "type": "CO2"
                    },
                    "elec_edge": {
                        "can_retire": true,
                        "min_up_time": 6,
                        "max_capacity": 0,
                        "can_expand": false,
                        "min_flow_fraction": 0.39,
                        "constraints": {
                            "MinFlowConstraint": true,
                            "RampingLimitConstraint": true,
                            "CapacityConstraint": true,
                            "MinDownTimeConstraint": true,
                            "MinUpTimeConstraint": true
                        },
                        "min_capacity": 0,
                        "fixed_om_cost": 9496,
                        "uc": true,
                        "ramp_up_fraction": 0.64,
                        "startup_cost": 89.34,
                        "end_vertex": "elec_MIDAT",
                        "investment_cost": 0,
                        "variable_om_cost": 3.504,
                        "startup_fuel_consumption": 0.58614214,
                        "min_down_time": 6,
                        "capacity_size": 614.803,
                        "availability": [
                            1
                        ],
                        "type": "Electricity",
                        "existing_capacity": 20288.499,
                        "ramp_down_fraction": 0.64
                    },
                    "fuel_edge": {
                        "start_vertex": "MIDAT_reference_naturalgas",
                        "type": "NaturalGas"
                    }
                }
            },
            {
                "transforms": {
                    "timedata": "NaturalGas",
                    "fuel_consumption": 3.4438781435699997,
                    "emission_rate": 0.181048235160161
                },
                "id": "MIDAT_natural_gas_fired_combustion_turbine_1",
                "edges": {
                    "co2_edge": {
                        "end_vertex": "co2_sink_1",
                        "type": "CO2"
                    },
                    "elec_edge": {
                        "can_retire": true,
                        "min_up_time": 1,
                        "max_capacity": 0,
                        "can_expand": false,
                        "min_flow_fraction": 0.505,
                        "constraints": {
                            "MinFlowConstraint": true,
                            "RampingLimitConstraint": true,
                            "CapacityConstraint": true,
                            "MinDownTimeConstraint": true,
                            "MinUpTimeConstraint": true
                        },
                        "min_capacity": 0,
                        "fixed_om_cost": 9573.46,
                        "uc": true,
                        "ramp_up_fraction": 0.64,
                        "startup_cost": 115.842,
                        "end_vertex": "elec_MIDAT",
                        "investment_cost": 0,
                        "variable_om_cost": 5.071,
                        "startup_fuel_consumption": 1.025748745,
                        "min_down_time": 1,
                        "capacity_size": 116.07,
                        "availability": [
                            1
                        ],
                        "type": "Electricity",
                        "existing_capacity": 14508.75,
                        "ramp_down_fraction": 0.64
                    },
                    "fuel_edge": {
                        "start_vertex": "MIDAT_reference_naturalgas",
                        "type": "NaturalGas"
                    }
                }
            },
            {
                "transforms": {
                    "timedata": "NaturalGas",
                    "fuel_consumption": 3.00427153857,
                    "emission_rate": 0.181048235160161
                },
                "id": "MIDAT_natural_gas_fired_combustion_turbine_2",
                "edges": {
                    "co2_edge": {
                        "end_vertex": "co2_sink_1",
                        "type": "CO2"
                    },
                    "elec_edge": {
                        "can_retire": true,
                        "min_up_time": 1,
                        "max_capacity": 0,
                        "can_expand": false,
                        "min_flow_fraction": 0.403,
                        "constraints": {
                            "MinFlowConstraint": true,
                            "RampingLimitConstraint": true,
                            "CapacityConstraint": true,
                            "MinDownTimeConstraint": true,
                            "MinUpTimeConstraint": true
                        },
                        "min_capacity": 0,
                        "fixed_om_cost": 13548,
                        "uc": true,
                        "ramp_up_fraction": 0.64,
                        "startup_cost": 115.842,
                        "end_vertex": "elec_MIDAT",
                        "investment_cost": 0,
                        "variable_om_cost": 5.071,
                        "startup_fuel_consumption": 1.025748745,
                        "min_down_time": 1,
                        "capacity_size": 14.994,
                        "availability": [
                            1
                        ],
                        "type": "Electricity",
                        "existing_capacity": 704.718,
                        "ramp_down_fraction": 0.64
                    },
                    "fuel_edge": {
                        "start_vertex": "MIDAT_reference_naturalgas",
                        "type": "NaturalGas"
                    }
                }
            },
            {
                "transforms": {
                    "timedata": "Uranium",
                    "fuel_consumption": 3.06405803685,
                    "emission_rate": 0
                },
                "id": "MIDAT_nuclear_1",
                "edges": {
                    "co2_edge": {
                        "end_vertex": "co2_sink_1",
                        "type": "CO2"
                    },
                    "elec_edge": {
                        "can_retire": true,
                        "min_up_time": 36,
                        "max_capacity": 0,
                        "can_expand": false,
                        "min_flow_fraction": 0.5,
                        "constraints": {
                            "MinFlowConstraint": true,
                            "RampingLimitConstraint": true,
                            "CapacityConstraint": true,
                            "MinDownTimeConstraint": true,
                            "MinUpTimeConstraint": true
                        },
                        "min_capacity": 0,
                        "fixed_om_cost": 266980,
                        "uc": true,
                        "ramp_up_fraction": 0.25,
                        "startup_cost": 1000,
                        "end_vertex": "elec_MIDAT",
                        "investment_cost": 0,
                        "variable_om_cost": 2.352,
                        "startup_fuel_consumption": 0,
                        "min_down_time": 36,
                        "capacity_size": 1220,
                        "availability": [
                            1
                        ],
                        "type": "Electricity",
                        "existing_capacity": 2440,
                        "ramp_down_fraction": 0.25
                    },
                    "fuel_edge": {
                        "start_vertex": "MIDAT_reference_uranium",
                        "type": "Uranium"
                    }
                }
            },
            {
                "transforms": {
                    "timedata": "Uranium",
                    "fuel_consumption": 3.06405803685,
                    "emission_rate": 0
                },
                "id": "MIDAT_nuclear_2",
                "edges": {
                    "co2_edge": {
                        "end_vertex": "co2_sink_1",
                        "type": "CO2"
                    },
                    "elec_edge": {
                        "can_retire": true,
                        "min_up_time": 36,
                        "max_capacity": 0,
                        "can_expand": false,
                        "min_flow_fraction": 0.5,
                        "constraints": {
                            "MinFlowConstraint": true,
                            "RampingLimitConstraint": true,
                            "CapacityConstraint": true,
                            "MinDownTimeConstraint": true,
                            "MinUpTimeConstraint": true
                        },
                        "min_capacity": 0,
                        "fixed_om_cost": 187522,
                        "uc": true,
                        "ramp_up_fraction": 0.25,
                        "startup_cost": 1000,
                        "end_vertex": "elec_MIDAT",
                        "investment_cost": 0,
                        "variable_om_cost": 2.352,
                        "startup_fuel_consumption": 0,
                        "min_down_time": 36,
                        "capacity_size": 1110.638,
                        "availability": [
                            1
                        ],
                        "type": "Electricity",
                        "existing_capacity": 17770.208,
                        "ramp_down_fraction": 0.25
                    },
                    "fuel_edge": {
                        "start_vertex": "MIDAT_reference_uranium",
                        "type": "Uranium"
                    }
                }
            },
            {
                "transforms": {
                    "timedata": "NaturalGas",
                    "fuel_consumption": 2.51191214097,
                    "emission_rate": 0.181048235160161
                },
                "id": "NE_natural_gas_fired_combined_cycle_1",
                "edges": {
                    "co2_edge": {
                        "end_vertex": "co2_sink_1",
                        "type": "CO2"
                    },
                    "elec_edge": {
                        "can_retire": true,
                        "min_up_time": 6,
                        "max_capacity": 0,
                        "can_expand": false,
                        "min_flow_fraction": 0.526,
                        "constraints": {
                            "MinFlowConstraint": true,
                            "RampingLimitConstraint": true,
                            "CapacityConstraint": true,
                            "MinDownTimeConstraint": true,
                            "MinUpTimeConstraint": true
                        },
                        "min_capacity": 0,
                        "fixed_om_cost": 16001,
                        "uc": true,
                        "ramp_up_fraction": 0.64,
                        "startup_cost": 89.34,
                        "end_vertex": "elec_NE",
                        "investment_cost": 0,
                        "variable_om_cost": 4.415,
                        "startup_fuel_consumption": 0.58614214,
                        "min_down_time": 6,
                        "capacity_size": 127.492,
                        "availability": [
                            1
                        ],
                        "type": "Electricity",
                        "existing_capacity": 6119.616,
                        "ramp_down_fraction": 0.64
                    },
                    "fuel_edge": {
                        "start_vertex": "NE_reference_naturalgas",
                        "type": "NaturalGas"
                    }
                }
            },
            {
                "transforms": {
                    "timedata": "NaturalGas",
                    "fuel_consumption": 2.24580360941,
                    "emission_rate": 0.181048235160161
                },
                "id": "NE_natural_gas_fired_combined_cycle_2",
                "edges": {
                    "co2_edge": {
                        "end_vertex": "co2_sink_1",
                        "type": "CO2"
                    },
                    "elec_edge": {
                        "can_retire": true,
                        "min_up_time": 6,
                        "max_capacity": 0,
                        "can_expand": false,
                        "min_flow_fraction": 0.409,
                        "constraints": {
                            "MinFlowConstraint": true,
                            "RampingLimitConstraint": true,
                            "CapacityConstraint": true,
                            "MinDownTimeConstraint": true,
                            "MinUpTimeConstraint": true
                        },
                        "min_capacity": 0,
                        "fixed_om_cost": 10223.482,
                        "uc": true,
                        "ramp_up_fraction": 0.64,
                        "startup_cost": 89.34,
                        "end_vertex": "elec_NE",
                        "investment_cost": 0,
                        "variable_om_cost": 3.488,
                        "startup_fuel_consumption": 0.58614214,
                        "min_down_time": 6,
                        "capacity_size": 442.19,
                        "availability": [
                            1
                        ],
                        "type": "Electricity",
                        "existing_capacity": 21225.12,
                        "ramp_down_fraction": 0.64
                    },
                    "fuel_edge": {
                        "start_vertex": "NE_reference_naturalgas",
                        "type": "NaturalGas"
                    }
                }
            },
            {
                "transforms": {
                    "timedata": "NaturalGas",
                    "fuel_consumption": 5.82654594267,
                    "emission_rate": 0.181048235160161
                },
                "id": "NE_natural_gas_fired_combined_cycle_3",
                "edges": {
                    "co2_edge": {
                        "end_vertex": "co2_sink_1",
                        "type": "CO2"
                    },
                    "elec_edge": {
                        "can_retire": true,
                        "min_up_time": 6,
                        "max_capacity": 0,
                        "can_expand": false,
                        "min_flow_fraction": 0.472,
                        "constraints": {
                            "MinFlowConstraint": true,
                            "RampingLimitConstraint": true,
                            "CapacityConstraint": true,
                            "MinDownTimeConstraint": true,
                            "MinUpTimeConstraint": true
                        },
                        "min_capacity": 0,
                        "fixed_om_cost": 16001,
                        "uc": true,
                        "ramp_up_fraction": 0.64,
                        "startup_cost": 89.34,
                        "end_vertex": "elec_NE",
                        "investment_cost": 0,
                        "variable_om_cost": 4.415,
                        "startup_fuel_consumption": 0.58614214,
                        "min_down_time": 6,
                        "capacity_size": 19.5,
                        "availability": [
                            1
                        ],
                        "type": "Electricity",
                        "existing_capacity": 19.5,
                        "ramp_down_fraction": 0.64
                    },
                    "fuel_edge": {
                        "start_vertex": "NE_reference_naturalgas",
                        "type": "NaturalGas"
                    }
                }
            },
            {
                "transforms": {
                    "timedata": "NaturalGas",
                    "fuel_consumption": 3.32108136524,
                    "emission_rate": 0.181048235160161
                },
                "id": "NE_natural_gas_fired_combustion_turbine_1",
                "edges": {
                    "co2_edge": {
                        "end_vertex": "co2_sink_1",
                        "type": "CO2"
                    },
                    "elec_edge": {
                        "can_retire": true,
                        "min_up_time": 1,
                        "max_capacity": 0,
                        "can_expand": false,
                        "min_flow_fraction": 0.39,
                        "constraints": {
                            "MinFlowConstraint": true,
                            "RampingLimitConstraint": true,
                            "CapacityConstraint": true,
                            "MinDownTimeConstraint": true,
                            "MinUpTimeConstraint": true
                        },
                        "min_capacity": 0,
                        "fixed_om_cost": 13548,
                        "uc": true,
                        "ramp_up_fraction": 0.64,
                        "startup_cost": 115.842,
                        "end_vertex": "elec_NE",
                        "investment_cost": 0,
                        "variable_om_cost": 5.071,
                        "startup_fuel_consumption": 1.025748745,
                        "min_down_time": 1,
                        "capacity_size": 24.793,
                        "availability": [
                            1
                        ],
                        "type": "Electricity",
                        "existing_capacity": 1413.201,
                        "ramp_down_fraction": 0.64
                    },
                    "fuel_edge": {
                        "start_vertex": "NE_reference_naturalgas",
                        "type": "NaturalGas"
                    }
                }
            },
            {
                "transforms": {
                    "timedata": "NaturalGas",
                    "fuel_consumption": 2.95679402523,
                    "emission_rate": 0.181048235160161
                },
                "id": "NE_natural_gas_fired_combustion_turbine_2",
                "edges": {
                    "co2_edge": {
                        "end_vertex": "co2_sink_1",
                        "type": "CO2"
                    },
                    "elec_edge": {
                        "can_retire": true,
                        "min_up_time": 1,
                        "max_capacity": 0,
                        "can_expand": false,
                        "min_flow_fraction": 0.367,
                        "constraints": {
                            "MinFlowConstraint": true,
                            "RampingLimitConstraint": true,
                            "CapacityConstraint": true,
                            "MinDownTimeConstraint": true,
                            "MinUpTimeConstraint": true
                        },
                        "min_capacity": 0,
                        "fixed_om_cost": 9896.045,
                        "uc": true,
                        "ramp_up_fraction": 0.64,
                        "startup_cost": 115.842,
                        "end_vertex": "elec_NE",
                        "investment_cost": 0,
                        "variable_om_cost": 5.071,
                        "startup_fuel_consumption": 1.025748745,
                        "min_down_time": 1,
                        "capacity_size": 80.731,
                        "availability": [
                            1
                        ],
                        "type": "Electricity",
                        "existing_capacity": 2341.199,
                        "ramp_down_fraction": 0.64
                    },
                    "fuel_edge": {
                        "start_vertex": "NE_reference_naturalgas",
                        "type": "NaturalGas"
                    }
                }
            },
            {
                "transforms": {
                    "timedata": "Uranium",
                    "fuel_consumption": 3.06405803685,
                    "emission_rate": 0
                },
                "id": "NE_nuclear_1",
                "edges": {
                    "co2_edge": {
                        "end_vertex": "co2_sink_1",
                        "type": "CO2"
                    },
                    "elec_edge": {
                        "can_retire": true,
                        "min_up_time": 36,
                        "max_capacity": 0,
                        "can_expand": false,
                        "min_flow_fraction": 0.5,
                        "constraints": {
                            "MinFlowConstraint": true,
                            "RampingLimitConstraint": true,
                            "CapacityConstraint": true,
                            "MinDownTimeConstraint": true,
                            "MinUpTimeConstraint": true
                        },
                        "min_capacity": 0,
                        "fixed_om_cost": 187522,
                        "uc": true,
                        "ramp_up_fraction": 0.25,
                        "startup_cost": 1000,
                        "end_vertex": "elec_NE",
                        "investment_cost": 0,
                        "variable_om_cost": 2.352,
                        "startup_fuel_consumption": 0,
                        "min_down_time": 36,
                        "capacity_size": 1131.9,
                        "availability": [
                            1
                        ],
                        "type": "Electricity",
                        "existing_capacity": 3395.7,
                        "ramp_down_fraction": 0.25
                    },
                    "fuel_edge": {
                        "start_vertex": "NE_reference_uranium",
                        "type": "Uranium"
                    }
                }
            },
            {
                "transforms": {
                    "timedata": "Uranium",
                    "fuel_consumption": 3.06405803685,
                    "emission_rate": 0
                },
                "id": "NE_nuclear_2",
                "edges": {
                    "co2_edge": {
                        "end_vertex": "co2_sink_1",
                        "type": "CO2"
                    },
                    "elec_edge": {
                        "can_retire": true,
                        "min_up_time": 36,
                        "max_capacity": 0,
                        "can_expand": false,
                        "min_flow_fraction": 0.5,
                        "constraints": {
                            "MinFlowConstraint": true,
                            "RampingLimitConstraint": true,
                            "CapacityConstraint": true,
                            "MinDownTimeConstraint": true,
                            "MinUpTimeConstraint": true
                        },
                        "min_capacity": 0,
                        "fixed_om_cost": 294078.21,
                        "uc": true,
                        "ramp_up_fraction": 0.25,
                        "startup_cost": 1000,
                        "end_vertex": "elec_NE",
                        "investment_cost": 0,
                        "variable_om_cost": 2.352,
                        "startup_fuel_consumption": 0,
                        "min_down_time": 36,
                        "capacity_size": 1052.35,
                        "availability": [
                            1
                        ],
                        "type": "Electricity",
                        "existing_capacity": 2104.7,
                        "ramp_down_fraction": 0.25
                    },
                    "fuel_edge": {
                        "start_vertex": "NE_reference_uranium",
                        "type": "Uranium"
                    }
                }
            },
            {
                "transforms": {
                    "timedata": "NaturalGas",
                    "fuel_consumption": 2.13209203425,
                    "emission_rate": 0.181048235160161
                },
                "id": "SE_natural_gas_fired_combined_cycle_1",
                "edges": {
                    "co2_edge": {
                        "end_vertex": "co2_sink_1",
                        "type": "CO2"
                    },
                    "elec_edge": {
                        "can_retire": true,
                        "min_up_time": 6,
                        "max_capacity": 0,
                        "can_expand": false,
                        "min_flow_fraction": 0.41,
                        "constraints": {
                            "MinFlowConstraint": true,
                            "RampingLimitConstraint": true,
                            "CapacityConstraint": true,
                            "MinDownTimeConstraint": true,
                            "MinUpTimeConstraint": true
                        },
                        "min_capacity": 0,
                        "fixed_om_cost": 9496,
                        "uc": true,
                        "ramp_up_fraction": 0.64,
                        "startup_cost": 89.34,
                        "end_vertex": "elec_SE",
                        "investment_cost": 0,
                        "variable_om_cost": 3.504,
                        "startup_fuel_consumption": 0.58614214,
                        "min_down_time": 6,
                        "capacity_size": 504.206,
                        "availability": [
                            1
                        ],
                        "type": "Electricity",
                        "existing_capacity": 26218.712,
                        "ramp_down_fraction": 0.64
                    },
                    "fuel_edge": {
                        "start_vertex": "SE_reference_naturalgas",
                        "type": "NaturalGas"
                    }
                }
            },
            {
                "transforms": {
                    "timedata": "NaturalGas",
                    "fuel_consumption": 2.26690472645,
                    "emission_rate": 0.181048235160161
                },
                "id": "SE_natural_gas_fired_combined_cycle_2",
                "edges": {
                    "co2_edge": {
                        "end_vertex": "co2_sink_1",
                        "type": "CO2"
                    },
                    "elec_edge": {
                        "can_retire": true,
                        "min_up_time": 6,
                        "max_capacity": 0,
                        "can_expand": false,
                        "min_flow_fraction": 0.586,
                        "constraints": {
                            "MinFlowConstraint": true,
                            "RampingLimitConstraint": true,
                            "CapacityConstraint": true,
                            "MinDownTimeConstraint": true,
                            "MinUpTimeConstraint": true
                        },
                        "min_capacity": 0,
                        "fixed_om_cost": 16001,
                        "uc": true,
                        "ramp_up_fraction": 0.64,
                        "startup_cost": 89.34,
                        "end_vertex": "elec_SE",
                        "investment_cost": 0,
                        "variable_om_cost": 4.415,
                        "startup_fuel_consumption": 0.58614214,
                        "min_down_time": 6,
                        "capacity_size": 185.5,
                        "availability": [
                            1
                        ],
                        "type": "Electricity",
                        "existing_capacity": 4637.5,
                        "ramp_down_fraction": 0.64
                    },
                    "fuel_edge": {
                        "start_vertex": "SE_reference_naturalgas",
                        "type": "NaturalGas"
                    }
                }
            },
            {
                "transforms": {
                    "timedata": "NaturalGas",
                    "fuel_consumption": 2.04241228683,
                    "emission_rate": 0.181048235160161
                },
                "id": "SE_natural_gas_fired_combined_cycle_3",
                "edges": {
                    "co2_edge": {
                        "end_vertex": "co2_sink_1",
                        "type": "CO2"
                    },
                    "elec_edge": {
                        "can_retire": true,
                        "min_up_time": 6,
                        "max_capacity": 0,
                        "can_expand": false,
                        "min_flow_fraction": 0.596,
                        "constraints": {
                            "MinFlowConstraint": true,
                            "RampingLimitConstraint": true,
                            "CapacityConstraint": true,
                            "MinDownTimeConstraint": true,
                            "MinUpTimeConstraint": true
                        },
                        "min_capacity": 0,
                        "fixed_om_cost": 11977.294,
                        "uc": true,
                        "ramp_up_fraction": 0.64,
                        "startup_cost": 89.34,
                        "end_vertex": "elec_SE",
                        "investment_cost": 0,
                        "variable_om_cost": 3.455,
                        "startup_fuel_consumption": 0.58614214,
                        "min_down_time": 6,
                        "capacity_size": 711.322,
                        "availability": [
                            1
                        ],
                        "type": "Electricity",
                        "existing_capacity": 42679.32,
                        "ramp_down_fraction": 0.64
                    },
                    "fuel_edge": {
                        "start_vertex": "SE_reference_naturalgas",
                        "type": "NaturalGas"
                    }
                }
            },
            {
                "transforms": {
                    "timedata": "NaturalGas",
                    "fuel_consumption": 2.9995824014499997,
                    "emission_rate": 0.181048235160161
                },
                "id": "SE_natural_gas_fired_combined_cycle_4",
                "edges": {
                    "co2_edge": {
                        "end_vertex": "co2_sink_1",
                        "type": "CO2"
                    },
                    "elec_edge": {
                        "can_retire": true,
                        "min_up_time": 6,
                        "max_capacity": 0,
                        "can_expand": false,
                        "min_flow_fraction": 0.561,
                        "constraints": {
                            "MinFlowConstraint": true,
                            "RampingLimitConstraint": true,
                            "CapacityConstraint": true,
                            "MinDownTimeConstraint": true,
                            "MinUpTimeConstraint": true
                        },
                        "min_capacity": 0,
                        "fixed_om_cost": 11733.808,
                        "uc": true,
                        "ramp_up_fraction": 0.64,
                        "startup_cost": 89.34,
                        "end_vertex": "elec_SE",
                        "investment_cost": 0,
                        "variable_om_cost": 3.493,
                        "startup_fuel_consumption": 0.58614214,
                        "min_down_time": 6,
                        "capacity_size": 507.375,
                        "availability": [
                            1
                        ],
                        "type": "Electricity",
                        "existing_capacity": 6088.5,
                        "ramp_down_fraction": 0.64
                    },
                    "fuel_edge": {
                        "start_vertex": "SE_reference_naturalgas",
                        "type": "NaturalGas"
                    }
                }
            },
            {
                "transforms": {
                    "timedata": "NaturalGas",
                    "fuel_consumption": 3.2627602223099994,
                    "emission_rate": 0.181048235160161
                },
                "id": "SE_natural_gas_fired_combustion_turbine_1",
                "edges": {
                    "co2_edge": {
                        "end_vertex": "co2_sink_1",
                        "type": "CO2"
                    },
                    "elec_edge": {
                        "can_retire": true,
                        "min_up_time": 1,
                        "max_capacity": 0,
                        "can_expand": false,
                        "min_flow_fraction": 0.472,
                        "constraints": {
                            "MinFlowConstraint": true,
                            "RampingLimitConstraint": true,
                            "CapacityConstraint": true,
                            "MinDownTimeConstraint": true,
                            "MinUpTimeConstraint": true
                        },
                        "min_capacity": 0,
                        "fixed_om_cost": 9518.439,
                        "uc": true,
                        "ramp_up_fraction": 0.64,
                        "startup_cost": 115.842,
                        "end_vertex": "elec_SE",
                        "investment_cost": 0,
                        "variable_om_cost": 5.071,
                        "startup_fuel_consumption": 1.025748745,
                        "min_down_time": 1,
                        "capacity_size": 138.523,
                        "availability": [
                            1
                        ],
                        "type": "Electricity",
                        "existing_capacity": 24934.14,
                        "ramp_down_fraction": 0.64
                    },
                    "fuel_edge": {
                        "start_vertex": "SE_reference_naturalgas",
                        "type": "NaturalGas"
                    }
                }
            },
            {
                "transforms": {
                    "timedata": "NaturalGas",
                    "fuel_consumption": 3.0203904474199996,
                    "emission_rate": 0.181048235160161
                },
                "id": "SE_natural_gas_fired_combustion_turbine_2",
                "edges": {
                    "co2_edge": {
                        "end_vertex": "co2_sink_1",
                        "type": "CO2"
                    },
                    "elec_edge": {
                        "can_retire": true,
                        "min_up_time": 1,
                        "max_capacity": 0,
                        "can_expand": false,
                        "min_flow_fraction": 0.326,
                        "constraints": {
                            "MinFlowConstraint": true,
                            "RampingLimitConstraint": true,
                            "CapacityConstraint": true,
                            "MinDownTimeConstraint": true,
                            "MinUpTimeConstraint": true
                        },
                        "min_capacity": 0,
                        "fixed_om_cost": 13548,
                        "uc": true,
                        "ramp_up_fraction": 0.64,
                        "startup_cost": 115.842,
                        "end_vertex": "elec_SE",
                        "investment_cost": 0,
                        "variable_om_cost": 5.071,
                        "startup_fuel_consumption": 1.025748745,
                        "min_down_time": 1,
                        "capacity_size": 22.039,
                        "availability": [
                            1
                        ],
                        "type": "Electricity",
                        "existing_capacity": 683.209,
                        "ramp_down_fraction": 0.64
                    },
                    "fuel_edge": {
                        "start_vertex": "SE_reference_naturalgas",
                        "type": "NaturalGas"
                    }
                }
            },
            {
                "transforms": {
                    "timedata": "Uranium",
                    "fuel_consumption": 3.06435110792,
                    "emission_rate": 0
                },
                "id": "SE_nuclear_1",
                "edges": {
                    "co2_edge": {
                        "end_vertex": "co2_sink_1",
                        "type": "CO2"
                    },
                    "elec_edge": {
                        "can_retire": true,
                        "min_up_time": 36,
                        "max_capacity": 0,
                        "can_expand": false,
                        "min_flow_fraction": 0.5,
                        "constraints": {
                            "MinFlowConstraint": true,
                            "RampingLimitConstraint": true,
                            "CapacityConstraint": true,
                            "MinDownTimeConstraint": true,
                            "MinUpTimeConstraint": true
                        },
                        "min_capacity": 0,
                        "fixed_om_cost": 199087.824,
                        "uc": true,
                        "ramp_up_fraction": 0.25,
                        "startup_cost": 1000,
                        "end_vertex": "elec_SE",
                        "investment_cost": 0,
                        "variable_om_cost": 2.34,
                        "startup_fuel_consumption": 0,
                        "min_down_time": 36,
                        "capacity_size": 1051.009,
                        "availability": [
                            1
                        ],
                        "type": "Electricity",
                        "existing_capacity": 33632.288,
                        "ramp_down_fraction": 0.25
                    },
                    "fuel_edge": {
                        "start_vertex": "SE_reference_uranium",
                        "type": "Uranium"
                    }
                }
            },
            {
                "transforms": {
                    "timedata": "Uranium",
                    "fuel_consumption": 2.6991845547,
                    "emission_rate": 0
                },
                "id": "SE_nuclear_2",
                "edges": {
                    "co2_edge": {
                        "end_vertex": "co2_sink_1",
                        "type": "CO2"
                    },
                    "elec_edge": {
                        "can_retire": true,
                        "min_up_time": 36,
                        "max_capacity": 0,
                        "can_expand": false,
                        "min_flow_fraction": 0.5,
                        "constraints": {
                            "MinFlowConstraint": true,
                            "RampingLimitConstraint": true,
                            "CapacityConstraint": true,
                            "MinDownTimeConstraint": true,
                            "MinUpTimeConstraint": true
                        },
                        "min_capacity": 0,
                        "fixed_om_cost": 187522,
                        "uc": true,
                        "ramp_up_fraction": 0.25,
                        "startup_cost": 1000,
                        "end_vertex": "elec_SE",
                        "investment_cost": 0,
                        "variable_om_cost": 2.258,
                        "startup_fuel_consumption": 0,
                        "min_down_time": 36,
                        "capacity_size": 1114,
                        "availability": [
                            1
                        ],
                        "type": "Electricity",
                        "existing_capacity": 2228,
                        "ramp_down_fraction": 0.25
                    },
                    "fuel_edge": {
                        "start_vertex": "SE_reference_uranium",
                        "type": "Uranium"
                    }
                }
            },
            {
                "transforms": {
                    "timedata": "NaturalGas",
                    "fuel_consumption": 2.01574281946,
                    "emission_rate": 0.181048235160161
                },
                "id": "SE_naturalgas_ccccsavgcf_conservative_0",
                "edges": {
                    "co2_edge": {
                        "end_vertex": "co2_sink_1",
                        "type": "CO2"
                    },
                    "elec_edge": {
                        "can_retire": true,
                        "min_up_time": 4,
                        "max_capacity": -1,
                        "can_expand": true,
                        "min_flow_fraction": 0.5,
                        "constraints": {
                            "MinFlowConstraint": true,
                            "RampingLimitConstraint": true,
                            "CapacityConstraint": true,
                            "MinDownTimeConstraint": true,
                            "MinUpTimeConstraint": true
                        },
                        "min_capacity": 0,
                        "fixed_om_cost": 47800,
                        "uc": true,
                        "ramp_up_fraction": 1,
                        "startup_cost": 97,
                        "end_vertex": "elec_SE",
                        "investment_cost": 105122.0711,
                        "variable_om_cost": 3.76,
                        "startup_fuel_consumption": 0.058614214,
                        "min_down_time": 4,
                        "capacity_size": 377,
                        "availability": [
                            1
                        ],
                        "type": "Electricity",
                        "existing_capacity": 0,
                        "ramp_down_fraction": 1
                    },
                    "fuel_edge": {
                        "start_vertex": "SE_reference_naturalgas",
                        "type": "NaturalGas"
                    }
                }
            },
            {
                "transforms": {
                    "timedata": "NaturalGas",
                    "fuel_consumption": 1.8050247201299998,
                    "emission_rate": 0.181048235160161
                },
                "id": "SE_naturalgas_ccavgcf_moderate_0",
                "edges": {
                    "co2_edge": {
                        "end_vertex": "co2_sink_1",
                        "type": "CO2"
                    },
                    "elec_edge": {
                        "can_retire": true,
                        "min_up_time": 4,
                        "max_capacity": -1,
                        "can_expand": true,
                        "min_flow_fraction": 0.3,
                        "constraints": {
                            "MinFlowConstraint": true,
                            "RampingLimitConstraint": true,
                            "CapacityConstraint": true,
                            "MinDownTimeConstraint": true,
                            "MinUpTimeConstraint": true
                        },
                        "min_capacity": 0,
                        "fixed_om_cost": 27800,
                        "uc": true,
                        "ramp_up_fraction": 1,
                        "startup_cost": 61,
                        "end_vertex": "elec_SE",
                        "investment_cost": 57692.09836,
                        "variable_om_cost": 1.85,
                        "startup_fuel_consumption": 0.058614214,
                        "min_down_time": 4,
                        "capacity_size": 573,
                        "availability": [
                            1
                        ],
                        "type": "Electricity",
                        "existing_capacity": 0,
                        "ramp_down_fraction": 1
                    },
                    "fuel_edge": {
                        "start_vertex": "SE_reference_naturalgas",
                        "type": "NaturalGas"
                    }
                }
            },
            {
                "transforms": {
                    "timedata": "NaturalGas",
                    "fuel_consumption": 2.84777158719,
                    "emission_rate": 0.181048235160161
                },
                "id": "SE_naturalgas_ctavgcf_moderate_0",
                "edges": {
                    "co2_edge": {
                        "end_vertex": "co2_sink_1",
                        "type": "CO2"
                    },
                    "elec_edge": {
                        "can_retire": true,
                        "min_up_time": 0,
                        "max_capacity": -1,
                        "can_expand": true,
                        "min_flow_fraction": 0.25,
                        "constraints": {
                            "MinFlowConstraint": true,
                            "RampingLimitConstraint": true,
                            "CapacityConstraint": true,
                            "MinDownTimeConstraint": true,
                            "MinUpTimeConstraint": true
                        },
                        "min_capacity": 0,
                        "fixed_om_cost": 22800,
                        "uc": true,
                        "ramp_up_fraction": 1,
                        "startup_cost": 140,
                        "end_vertex": "elec_SE",
                        "investment_cost": 51669.01214,
                        "variable_om_cost": 6.94,
                        "startup_fuel_consumption": 0.0556835033,
                        "min_down_time": 0,
                        "capacity_size": 237,
                        "availability": [
                            1
                        ],
                        "type": "Electricity",
                        "existing_capacity": 0,
                        "ramp_down_fraction": 1
                    },
                    "fuel_edge": {
                        "start_vertex": "SE_reference_naturalgas",
                        "type": "NaturalGas"
                    }
                }
            },
            {
                "transforms": {
                    "timedata": "Uranium",
                    "fuel_consumption": 3.07636702179,
                    "emission_rate": 0
                },
                "id": "SE_nuclear_mid_0",
                "edges": {
                    "co2_edge": {
                        "end_vertex": "co2_sink_1",
                        "type": "CO2"
                    },
                    "elec_edge": {
                        "can_retire": true,
                        "min_up_time": 36,
                        "max_capacity": -1,
                        "can_expand": true,
                        "min_flow_fraction": 0.3,
                        "constraints": {
                            "MinFlowConstraint": true,
                            "RampingLimitConstraint": true,
                            "CapacityConstraint": true,
                            "MinDownTimeConstraint": true,
                            "MinUpTimeConstraint": true
                        },
                        "min_capacity": 0,
                        "fixed_om_cost": 175000,
                        "uc": true,
                        "ramp_up_fraction": 0.25,
                        "startup_cost": 1000,
                        "end_vertex": "elec_SE",
                        "investment_cost": 231096.9481,
                        "variable_om_cost": 2.8,
                        "startup_fuel_consumption": 0,
                        "min_down_time": 36,
                        "capacity_size": 1000,
                        "availability": [
                            1
                        ],
                        "type": "Electricity",
                        "existing_capacity": 0,
                        "ramp_down_fraction": 0.25
                    },
                    "fuel_edge": {
                        "start_vertex": "SE_reference_uranium",
                        "type": "Uranium"
                    }
                }
            },
            {
                "transforms": {
                    "timedata": "NaturalGas",
                    "fuel_consumption": 2.01574281946,
                    "emission_rate": 0.181048235160161
                },
                "id": "MIDAT_naturalgas_ccccsavgcf_conservative_0",
                "edges": {
                    "co2_edge": {
                        "end_vertex": "co2_sink_1",
                        "type": "CO2"
                    },
                    "elec_edge": {
                        "can_retire": true,
                        "min_up_time": 4,
                        "max_capacity": -1,
                        "can_expand": true,
                        "min_flow_fraction": 0.5,
                        "constraints": {
                            "MinFlowConstraint": true,
                            "RampingLimitConstraint": true,
                            "CapacityConstraint": true,
                            "MinDownTimeConstraint": true,
                            "MinUpTimeConstraint": true
                        },
                        "min_capacity": 0,
                        "fixed_om_cost": 47800,
                        "uc": true,
                        "ramp_up_fraction": 1,
                        "startup_cost": 97,
                        "end_vertex": "elec_MIDAT",
                        "investment_cost": 111088.9792,
                        "variable_om_cost": 3.76,
                        "startup_fuel_consumption": 0.058614214,
                        "min_down_time": 4,
                        "capacity_size": 377,
                        "availability": [
                            1
                        ],
                        "type": "Electricity",
                        "existing_capacity": 0,
                        "ramp_down_fraction": 1
                    },
                    "fuel_edge": {
                        "start_vertex": "MIDAT_reference_naturalgas",
                        "type": "NaturalGas"
                    }
                }
            },
            {
                "transforms": {
                    "timedata": "NaturalGas",
                    "fuel_consumption": 1.8050247201299998,
                    "emission_rate": 0.181048235160161
                },
                "id": "MIDAT_naturalgas_ccavgcf_moderate_0",
                "edges": {
                    "co2_edge": {
                        "end_vertex": "co2_sink_1",
                        "type": "CO2"
                    },
                    "elec_edge": {
                        "can_retire": true,
                        "min_up_time": 4,
                        "max_capacity": -1,
                        "can_expand": true,
                        "min_flow_fraction": 0.3,
                        "constraints": {
                            "MinFlowConstraint": true,
                            "RampingLimitConstraint": true,
                            "CapacityConstraint": true,
                            "MinDownTimeConstraint": true,
                            "MinUpTimeConstraint": true
                        },
                        "min_capacity": 0,
                        "fixed_om_cost": 27800,
                        "uc": true,
                        "ramp_up_fraction": 1,
                        "startup_cost": 61,
                        "end_vertex": "elec_MIDAT",
                        "investment_cost": 67880.38343,
                        "variable_om_cost": 1.85,
                        "startup_fuel_consumption": 0.058614214,
                        "min_down_time": 4,
                        "capacity_size": 573,
                        "availability": [
                            1
                        ],
                        "type": "Electricity",
                        "existing_capacity": 0,
                        "ramp_down_fraction": 1
                    },
                    "fuel_edge": {
                        "start_vertex": "MIDAT_reference_naturalgas",
                        "type": "NaturalGas"
                    }
                }
            },
            {
                "transforms": {
                    "timedata": "NaturalGas",
                    "fuel_consumption": 2.84777158719,
                    "emission_rate": 0.181048235160161
                },
                "id": "MIDAT_naturalgas_ctavgcf_moderate_0",
                "edges": {
                    "co2_edge": {
                        "end_vertex": "co2_sink_1",
                        "type": "CO2"
                    },
                    "elec_edge": {
                        "can_retire": true,
                        "min_up_time": 0,
                        "max_capacity": -1,
                        "can_expand": true,
                        "min_flow_fraction": 0.25,
                        "constraints": {
                            "MinFlowConstraint": true,
                            "RampingLimitConstraint": true,
                            "CapacityConstraint": true,
                            "MinDownTimeConstraint": true,
                            "MinUpTimeConstraint": true
                        },
                        "min_capacity": 0,
                        "fixed_om_cost": 22800,
                        "uc": true,
                        "ramp_up_fraction": 1,
                        "startup_cost": 140,
                        "end_vertex": "elec_MIDAT",
                        "investment_cost": 57602.08239,
                        "variable_om_cost": 6.94,
                        "startup_fuel_consumption": 0.0556835033,
                        "min_down_time": 0,
                        "capacity_size": 237,
                        "availability": [
                            1
                        ],
                        "type": "Electricity",
                        "existing_capacity": 0,
                        "ramp_down_fraction": 1
                    },
                    "fuel_edge": {
                        "start_vertex": "MIDAT_reference_naturalgas",
                        "type": "NaturalGas"
                    }
                }
            },
            {
                "transforms": {
                    "timedata": "Uranium",
                    "fuel_consumption": 3.07636702179,
                    "emission_rate": 0
                },
                "id": "MIDAT_nuclear_mid_0",
                "edges": {
                    "co2_edge": {
                        "end_vertex": "co2_sink_1",
                        "type": "CO2"
                    },
                    "elec_edge": {
                        "can_retire": true,
                        "min_up_time": 36,
                        "max_capacity": -1,
                        "can_expand": true,
                        "min_flow_fraction": 0.3,
                        "constraints": {
                            "MinFlowConstraint": true,
                            "RampingLimitConstraint": true,
                            "CapacityConstraint": true,
                            "MinDownTimeConstraint": true,
                            "MinUpTimeConstraint": true
                        },
                        "min_capacity": 0,
                        "fixed_om_cost": 175000,
                        "uc": true,
                        "ramp_up_fraction": 0.25,
                        "startup_cost": 1000,
                        "end_vertex": "elec_MIDAT",
                        "investment_cost": 238887.9439,
                        "variable_om_cost": 2.8,
                        "startup_fuel_consumption": 0,
                        "min_down_time": 36,
                        "capacity_size": 1000,
                        "availability": [
                            1
                        ],
                        "type": "Electricity",
                        "existing_capacity": 0,
                        "ramp_down_fraction": 0.25
                    },
                    "fuel_edge": {
                        "start_vertex": "MIDAT_reference_uranium",
                        "type": "Uranium"
                    }
                }
            },
            {
                "transforms": {
                    "timedata": "NaturalGas",
                    "fuel_consumption": 2.01574281946,
                    "emission_rate": 0.181048235160161
                },
                "id": "NE_naturalgas_ccccsavgcf_conservative_0",
                "edges": {
                    "co2_edge": {
                        "end_vertex": "co2_sink_1",
                        "type": "CO2"
                    },
                    "elec_edge": {
                        "can_retire": true,
                        "min_up_time": 4,
                        "max_capacity": -1,
                        "can_expand": true,
                        "min_flow_fraction": 0.5,
                        "constraints": {
                            "MinFlowConstraint": true,
                            "RampingLimitConstraint": true,
                            "CapacityConstraint": true,
                            "MinDownTimeConstraint": true,
                            "MinUpTimeConstraint": true
                        },
                        "min_capacity": 0,
                        "fixed_om_cost": 47800,
                        "uc": true,
                        "ramp_up_fraction": 1,
                        "startup_cost": 97,
                        "end_vertex": "elec_NE",
                        "investment_cost": 121097.9862,
                        "variable_om_cost": 3.76,
                        "startup_fuel_consumption": 0.058614214,
                        "min_down_time": 4,
                        "capacity_size": 377,
                        "availability": [
                            1
                        ],
                        "type": "Electricity",
                        "existing_capacity": 0,
                        "ramp_down_fraction": 1
                    },
                    "fuel_edge": {
                        "start_vertex": "NE_reference_naturalgas",
                        "type": "NaturalGas"
                    }
                }
            },
            {
                "transforms": {
                    "timedata": "NaturalGas",
                    "fuel_consumption": 1.8050247201299998,
                    "emission_rate": 0.181048235160161
                },
                "id": "NE_naturalgas_ccavgcf_moderate_0",
                "edges": {
                    "co2_edge": {
                        "end_vertex": "co2_sink_1",
                        "type": "CO2"
                    },
                    "elec_edge": {
                        "can_retire": true,
                        "min_up_time": 4,
                        "max_capacity": -1,
                        "can_expand": true,
                        "min_flow_fraction": 0.3,
                        "constraints": {
                            "MinFlowConstraint": true,
                            "RampingLimitConstraint": true,
                            "CapacityConstraint": true,
                            "MinDownTimeConstraint": true,
                            "MinUpTimeConstraint": true
                        },
                        "min_capacity": 0,
                        "fixed_om_cost": 27800,
                        "uc": true,
                        "ramp_up_fraction": 1,
                        "startup_cost": 61,
                        "end_vertex": "elec_NE",
                        "investment_cost": 82535.90352,
                        "variable_om_cost": 1.85,
                        "startup_fuel_consumption": 0.058614214,
                        "min_down_time": 4,
                        "capacity_size": 573,
                        "availability": [
                            1
                        ],
                        "type": "Electricity",
                        "existing_capacity": 0,
                        "ramp_down_fraction": 1
                    },
                    "fuel_edge": {
                        "start_vertex": "NE_reference_naturalgas",
                        "type": "NaturalGas"
                    }
                }
            },
            {
                "transforms": {
                    "timedata": "NaturalGas",
                    "fuel_consumption": 2.84777158719,
                    "emission_rate": 0.181048235160161
                },
                "id": "NE_naturalgas_ctavgcf_moderate_0",
                "edges": {
                    "co2_edge": {
                        "end_vertex": "co2_sink_1",
                        "type": "CO2"
                    },
                    "elec_edge": {
                        "can_retire": true,
                        "min_up_time": 0,
                        "max_capacity": -1,
                        "can_expand": true,
                        "min_flow_fraction": 0.25,
                        "constraints": {
                            "MinFlowConstraint": true,
                            "RampingLimitConstraint": true,
                            "CapacityConstraint": true,
                            "MinDownTimeConstraint": true,
                            "MinUpTimeConstraint": true
                        },
                        "min_capacity": 0,
                        "fixed_om_cost": 22800,
                        "uc": true,
                        "ramp_up_fraction": 1,
                        "startup_cost": 140,
                        "end_vertex": "elec_NE",
                        "investment_cost": 68234.02532,
                        "variable_om_cost": 6.94,
                        "startup_fuel_consumption": 0.0556835033,
                        "min_down_time": 0,
                        "capacity_size": 237,
                        "availability": [
                            1
                        ],
                        "type": "Electricity",
                        "existing_capacity": 0,
                        "ramp_down_fraction": 1
                    },
                    "fuel_edge": {
                        "start_vertex": "NE_reference_naturalgas",
                        "type": "NaturalGas"
                    }
                }
            },
            {
                "transforms": {
                    "timedata": "Uranium",
                    "fuel_consumption": 3.07636702179,
                    "emission_rate": 0
                },
                "id": "NE_nuclear_mid_0",
                "edges": {
                    "co2_edge": {
                        "end_vertex": "co2_sink_1",
                        "type": "CO2"
                    },
                    "elec_edge": {
                        "can_retire": true,
                        "min_up_time": 36,
                        "max_capacity": -1,
                        "can_expand": true,
                        "min_flow_fraction": 0.3,
                        "constraints": {
                            "MinFlowConstraint": true,
                            "RampingLimitConstraint": true,
                            "CapacityConstraint": true,
                            "MinDownTimeConstraint": true,
                            "MinUpTimeConstraint": true
                        },
                        "min_capacity": 0,
                        "fixed_om_cost": 175000,
                        "uc": true,
                        "ramp_up_fraction": 0.25,
                        "startup_cost": 1000,
                        "end_vertex": "elec_NE",
                        "investment_cost": 274224.575,
                        "variable_om_cost": 2.8,
                        "startup_fuel_consumption": 0,
                        "min_down_time": 36,
                        "capacity_size": 1000,
                        "availability": [
                            1
                        ],
                        "type": "Electricity",
                        "existing_capacity": 0,
                        "ramp_down_fraction": 0.25
                    },
                    "fuel_edge": {
                        "start_vertex": "NE_reference_uranium",
                        "type": "Uranium"
                    }
                }
            }
        ],
        "type": "ThermalPower"
    }
}