{
    "transmission": {
        "global_data": {
            "transforms": {
            },
            "edges": {
                "elec_edge": {
                    "unidirectional": false,
                    "has_capacity": true,
                    "type": "Electricity"
                }
            }
        },
        "instance_data": [
            {
                "id": "SE_to_MIDAT",
                "edges": {
                    "elec_edge": {
                        "can_retire": false,
                        "constraints": {
                            "CapacityConstraint": true,
                            "MaxCapacityConstraint": true
                        },
                        "start_vertex": "elec_SE",
                        "line_loss_percentage": 0,
                        "end_vertex": "elec_MIDAT",
                        "max_capacity": 33312,
                        "can_expand": true,
                        "existing_capacity": 5552,
                        "investment_cost": 40219
                    }
                }
            },
            {
                "id": "MIDAT_to_NE",
                "edges": {
                    "elec_edge": {
                        "can_retire": false,
                        "constraints": {
                            "CapacityConstraint": true,
                            "MaxCapacityConstraint": true
                        },
                        "start_vertex": "elec_MIDAT",
                        "line_loss_percentage": 0,
                        "end_vertex": "elec_NE",
                        "max_capacity": 11490,
                        "can_expand": true,
                        "existing_capacity": 1915,
                        "investment_cost": 62316
                    }
                }
            }
        ],
        "type": "PowerLine"
    }
}