{
    "VRE": {
        "global_data": {
            "transforms": {
                "timedata": "Electricity"
            },
            "edges": {
                "edge": {
                    "unidirectional": true,
                    "has_capacity": true,
                    "type": "Electricity"
                }
            }
        },
        "instance_data": [
            {
                "id": "MIDAT_onshore_wind_turbine_1",
                "edges": {
                    "edge": {
                        "can_retire": true,
                        "max_capacity": 0,
                        "can_expand": false,
                        "constraints": {
                            "CapacityConstraint": true
                        },
                        "min_capacity": 0,
                        "fixed_om_cost": 43000,
                        "end_vertex": "elec_MIDAT",
                        "investment_cost": 0,
                        "variable_om_cost": 0,
                        "capacity_size": 1,
                        "availability": {
                            "timeseries": {
                                "header": "MIDAT_onshore_wind_turbine_1",
                                "path": "system/vre_availability.csv"
                            }
                        },
                        "type": "Electricity",
                        "existing_capacity": 3231.6
                    }
                }
            },
            {
                "id": "MIDAT_solar_photovoltaic_1",
                "edges": {
                    "edge": {
                        "can_retire": true,
                        "max_capacity": 0,
                        "can_expand": false,
                        "constraints": {
                            "CapacityConstraint": true
                        },
                        "min_capacity": 0,
                        "fixed_om_cost": 22887,
                        "end_vertex": "elec_MIDAT",
                        "investment_cost": 0,
                        "variable_om_cost": 0,
                        "capacity_size": 1,
                        "availability": {
                            "timeseries": {
                                "header": "MIDAT_solar_photovoltaic_1",
                                "path": "system/vre_availability.csv"
                            }
                        },
                        "type": "Electricity",
                        "existing_capacity": 2974.6
                    }
                }
            },
            {
                "id": "NE_onshore_wind_turbine_1",
                "edges": {
                    "edge": {
                        "can_retire": true,
                        "max_capacity": 0,
                        "can_expand": false,
                        "constraints": {
                            "CapacityConstraint": true
                        },
                        "min_capacity": 0,
                        "fixed_om_cost": 43000,
                        "end_vertex": "elec_NE",
                        "investment_cost": 0,
                        "variable_om_cost": 0,
                        "capacity_size": 1,
                        "availability": {
                            "timeseries": {
                                "header": "NE_onshore_wind_turbine_1",
                                "path": "system/vre_availability.csv"
                            }
                        },
                        "type": "Electricity",
                        "existing_capacity": 3654.5
                    }
                }
            },
            {
                "id": "NE_solar_photovoltaic_1",
                "edges": {
                    "edge": {
                        "can_retire": true,
                        "max_capacity": 0,
                        "can_expand": false,
                        "constraints": {
                            "CapacityConstraint": true
                        },
                        "min_capacity": 0,
                        "fixed_om_cost": 22887,
                        "end_vertex": "elec_NE",
                        "investment_cost": 0,
                        "variable_om_cost": 0,
                        "capacity_size": 1,
                        "availability": {
                            "timeseries": {
                                "header": "NE_solar_photovoltaic_1",
                                "path": "system/vre_availability.csv"
                            }
                        },
                        "type": "Electricity",
                        "existing_capacity": 1629.6
                    }
                }
            },
            {
                "id": "SE_solar_photovoltaic_1",
                "edges": {
                    "edge": {
                        "can_retire": true,
                        "max_capacity": 0,
                        "can_expand": false,
                        "constraints": {
                            "CapacityConstraint": true
                        },
                        "min_capacity": 0,
                        "fixed_om_cost": 22887,
                        "end_vertex": "elec_SE",
                        "investment_cost": 0,
                        "variable_om_cost": 0,
                        "capacity_size": 1,
                        "availability": {
                            "timeseries": {
                                "header": "SE_solar_photovoltaic_1",
                                "path": "system/vre_availability.csv"
                            }
                        },
                        "type": "Electricity",
                        "existing_capacity": 8502.2
                    }
                }
            },
            {
                "id": "NE_offshorewind_class10_moderate_floating_1_1",
                "edges": {
                    "edge": {
                        "can_retire": true,
                        "max_capacity": 32928.493,
                        "can_expand": true,
                        "constraints": {
                            "CapacityConstraint": true,
                            "MaxCapacityConstraint": true
                        },
                        "min_capacity": 0,
                        "fixed_om_cost": 57294.4,
                        "end_vertex": "elec_NE",
                        "investment_cost": 173830.4242,
                        "variable_om_cost": 0,
                        "capacity_size": 1,
                        "availability": {
                            "timeseries": {
                                "header": "NE_offshorewind_class10_moderate_floating_1_1",
                                "path": "system/vre_availability.csv"
                            }
                        },
                        "type": "Electricity",
                        "existing_capacity": 0
                    }
                }
            },
            {
                "id": "SE_utilitypv_class1_moderate_70_0_2_1",
                "edges": {
                    "edge": {
                        "can_retire": true,
                        "max_capacity": 1041244,
                        "can_expand": true,
                        "constraints": {
                            "CapacityConstraint": true,
                            "MaxCapacityConstraint": true
                        },
                        "min_capacity": 0,
                        "fixed_om_cost": 13510.19684,
                        "end_vertex": "elec_SE",
                        "investment_cost": 40649.03073,
                        "variable_om_cost": 0,
                        "capacity_size": 1,
                        "availability": {
                            "timeseries": {
                                "header": "SE_utilitypv_class1_moderate_70_0_2_1",
                                "path": "system/vre_availability.csv"
                            }
                        },
                        "type": "Electricity",
                        "existing_capacity": 0
                    }
                }
            },
            {
                "id": "SE_utilitypv_class1_moderate_70_0_2_2",
                "edges": {
                    "edge": {
                        "can_retire": true,
                        "max_capacity": 890062,
                        "can_expand": true,
                        "constraints": {
                            "CapacityConstraint": true,
                            "MaxCapacityConstraint": true
                        },
                        "min_capacity": 0,
                        "fixed_om_cost": 13510.19684,
                        "end_vertex": "elec_SE",
                        "investment_cost": 39383.65331,
                        "variable_om_cost": 0,
                        "capacity_size": 1,
                        "availability": {
                            "timeseries": {
                                "header": "SE_utilitypv_class1_moderate_70_0_2_2",
                                "path": "system/vre_availability.csv"
                            }
                        },
                        "type": "Electricity",
                        "existing_capacity": 0
                    }
                }
            },
            {
                "id": "SE_utilitypv_class1_moderate_70_0_2_3",
                "edges": {
                    "edge": {
                        "can_retire": true,
                        "max_capacity": 1238552,
                        "can_expand": true,
                        "constraints": {
                            "CapacityConstraint": true,
                            "MaxCapacityConstraint": true
                        },
                        "min_capacity": 0,
                        "fixed_om_cost": 13510.19684,
                        "end_vertex": "elec_SE",
                        "investment_cost": 40720.18482,
                        "variable_om_cost": 0,
                        "capacity_size": 1,
                        "availability": {
                            "timeseries": {
                                "header": "SE_utilitypv_class1_moderate_70_0_2_3",
                                "path": "system/vre_availability.csv"
                            }
                        },
                        "type": "Electricity",
                        "existing_capacity": 0
                    }
                }
            },
            {
                "id": "SE_utilitypv_class1_moderate_70_0_2_4",
                "edges": {
                    "edge": {
                        "can_retire": true,
                        "max_capacity": 1039859,
                        "can_expand": true,
                        "constraints": {
                            "CapacityConstraint": true,
                            "MaxCapacityConstraint": true
                        },
                        "min_capacity": 0,
                        "fixed_om_cost": 13510.19684,
                        "end_vertex": "elec_SE",
                        "investment_cost": 42820.55885,
                        "variable_om_cost": 0,
                        "capacity_size": 1,
                        "availability": {
                            "timeseries": {
                                "header": "SE_utilitypv_class1_moderate_70_0_2_4",
                                "path": "system/vre_availability.csv"
                            }
                        },
                        "type": "Electricity",
                        "existing_capacity": 0
                    }
                }
            },
            {
                "id": "SE_utilitypv_class1_moderate_70_0_2_5",
                "edges": {
                    "edge": {
                        "can_retire": true,
                        "max_capacity": 955445,
                        "can_expand": true,
                        "constraints": {
                            "CapacityConstraint": true,
                            "MaxCapacityConstraint": true
                        },
                        "min_capacity": 0,
                        "fixed_om_cost": 13510.19684,
                        "end_vertex": "elec_SE",
                        "investment_cost": 42551.95547,
                        "variable_om_cost": 0,
                        "capacity_size": 1,
                        "availability": {
                            "timeseries": {
                                "header": "SE_utilitypv_class1_moderate_70_0_2_5",
                                "path": "system/vre_availability.csv"
                            }
                        },
                        "type": "Electricity",
                        "existing_capacity": 0
                    }
                }
            },
            {
                "id": "SE_utilitypv_class1_moderate_70_0_2_6",
                "edges": {
                    "edge": {
                        "can_retire": true,
                        "max_capacity": 1729874,
                        "can_expand": true,
                        "constraints": {
                            "CapacityConstraint": true,
                            "MaxCapacityConstraint": true
                        },
                        "min_capacity": 0,
                        "fixed_om_cost": 13510.19684,
                        "end_vertex": "elec_SE",
                        "investment_cost": 40680.27197,
                        "variable_om_cost": 0,
                        "capacity_size": 1,
                        "availability": {
                            "timeseries": {
                                "header": "SE_utilitypv_class1_moderate_70_0_2_6",
                                "path": "system/vre_availability.csv"
                            }
                        },
                        "type": "Electricity",
                        "existing_capacity": 0
                    }
                }
            },
            {
                "id": "SE_utilitypv_class1_moderate_70_0_2_7",
                "edges": {
                    "edge": {
                        "can_retire": true,
                        "max_capacity": 618334,
                        "can_expand": true,
                        "constraints": {
                            "CapacityConstraint": true,
                            "MaxCapacityConstraint": true
                        },
                        "min_capacity": 0,
                        "fixed_om_cost": 13510.19684,
                        "end_vertex": "elec_SE",
                        "investment_cost": 39896.03932,
                        "variable_om_cost": 0,
                        "capacity_size": 1,
                        "availability": {
                            "timeseries": {
                                "header": "SE_utilitypv_class1_moderate_70_0_2_7",
                                "path": "system/vre_availability.csv"
                            }
                        },
                        "type": "Electricity",
                        "existing_capacity": 0
                    }
                }
            },
            {
                "id": "SE_utilitypv_class1_moderate_70_0_2_8",
                "edges": {
                    "edge": {
                        "can_retire": true,
                        "max_capacity": 989513,
                        "can_expand": true,
                        "constraints": {
                            "CapacityConstraint": true,
                            "MaxCapacityConstraint": true
                        },
                        "min_capacity": 0,
                        "fixed_om_cost": 13510.19684,
                        "end_vertex": "elec_SE",
                        "investment_cost": 41245.37889,
                        "variable_om_cost": 0,
                        "capacity_size": 1,
                        "availability": {
                            "timeseries": {
                                "header": "SE_utilitypv_class1_moderate_70_0_2_8",
                                "path": "system/vre_availability.csv"
                            }
                        },
                        "type": "Electricity",
                        "existing_capacity": 0
                    }
                }
            },
            {
                "id": "MIDAT_utilitypv_class1_moderate_70_0_2_1",
                "edges": {
                    "edge": {
                        "can_retire": true,
                        "max_capacity": 26783,
                        "can_expand": true,
                        "constraints": {
                            "CapacityConstraint": true,
                            "MaxCapacityConstraint": true
                        },
                        "min_capacity": 0,
                        "fixed_om_cost": 13510.19684,
                        "end_vertex": "elec_MIDAT",
                        "investment_cost": 41179.38174,
                        "variable_om_cost": 0,
                        "capacity_size": 1,
                        "availability": {
                            "timeseries": {
                                "header": "MIDAT_utilitypv_class1_moderate_70_0_2_1",
                                "path": "system/vre_availability.csv"
                            }
                        },
                        "type": "Electricity",
                        "existing_capacity": 0
                    }
                }
            },
            {
                "id": "MIDAT_utilitypv_class1_moderate_70_0_2_2",
                "edges": {
                    "edge": {
                        "can_retire": true,
                        "max_capacity": 288617,
                        "can_expand": true,
                        "constraints": {
                            "CapacityConstraint": true,
                            "MaxCapacityConstraint": true
                        },
                        "min_capacity": 0,
                        "fixed_om_cost": 13510.19684,
                        "end_vertex": "elec_MIDAT",
                        "investment_cost": 41016.27415,
                        "variable_om_cost": 0,
                        "capacity_size": 1,
                        "availability": {
                            "timeseries": {
                                "header": "MIDAT_utilitypv_class1_moderate_70_0_2_2",
                                "path": "system/vre_availability.csv"
                            }
                        },
                        "type": "Electricity",
                        "existing_capacity": 0
                    }
                }
            },
            {
                "id": "MIDAT_utilitypv_class1_moderate_70_0_2_3",
                "edges": {
                    "edge": {
                        "can_retire": true,
                        "max_capacity": 115699,
                        "can_expand": true,
                        "constraints": {
                            "CapacityConstraint": true,
                            "MaxCapacityConstraint": true
                        },
                        "min_capacity": 0,
                        "fixed_om_cost": 13510.19684,
                        "end_vertex": "elec_MIDAT",
                        "investment_cost": 40242.3086,
                        "variable_om_cost": 0,
                        "capacity_size": 1,
                        "availability": {
                            "timeseries": {
                                "header": "MIDAT_utilitypv_class1_moderate_70_0_2_3",
                                "path": "system/vre_availability.csv"
                            }
                        },
                        "type": "Electricity",
                        "existing_capacity": 0
                    }
                }
            },
            {
                "id": "MIDAT_utilitypv_class1_moderate_70_0_2_4",
                "edges": {
                    "edge": {
                        "can_retire": true,
                        "max_capacity": 996252,
                        "can_expand": true,
                        "constraints": {
                            "CapacityConstraint": true,
                            "MaxCapacityConstraint": true
                        },
                        "min_capacity": 0,
                        "fixed_om_cost": 13510.19684,
                        "end_vertex": "elec_MIDAT",
                        "investment_cost": 41350.78566,
                        "variable_om_cost": 0,
                        "capacity_size": 1,
                        "availability": {
                            "timeseries": {
                                "header": "MIDAT_utilitypv_class1_moderate_70_0_2_4",
                                "path": "system/vre_availability.csv"
                            }
                        },
                        "type": "Electricity",
                        "existing_capacity": 0
                    }
                }
            },
            {
                "id": "MIDAT_utilitypv_class1_moderate_70_0_2_5",
                "edges": {
                    "edge": {
                        "can_retire": true,
                        "max_capacity": 1212132,
                        "can_expand": true,
                        "constraints": {
                            "CapacityConstraint": true,
                            "MaxCapacityConstraint": true
                        },
                        "min_capacity": 0,
                        "fixed_om_cost": 13510.19684,
                        "end_vertex": "elec_MIDAT",
                        "investment_cost": 41176.87277,
                        "variable_om_cost": 0,
                        "capacity_size": 1,
                        "availability": {
                            "timeseries": {
                                "header": "MIDAT_utilitypv_class1_moderate_70_0_2_5",
                                "path": "system/vre_availability.csv"
                            }
                        },
                        "type": "Electricity",
                        "existing_capacity": 0
                    }
                }
            },
            {
                "id": "MIDAT_utilitypv_class1_moderate_70_0_2_6",
                "edges": {
                    "edge": {
                        "can_retire": true,
                        "max_capacity": 1080112,
                        "can_expand": true,
                        "constraints": {
                            "CapacityConstraint": true,
                            "MaxCapacityConstraint": true
                        },
                        "min_capacity": 0,
                        "fixed_om_cost": 13510.19684,
                        "end_vertex": "elec_MIDAT",
                        "investment_cost": 41746.9133,
                        "variable_om_cost": 0,
                        "capacity_size": 1,
                        "availability": {
                            "timeseries": {
                                "header": "MIDAT_utilitypv_class1_moderate_70_0_2_6",
                                "path": "system/vre_availability.csv"
                            }
                        },
                        "type": "Electricity",
                        "existing_capacity": 0
                    }
                }
            },
            {
                "id": "MIDAT_utilitypv_class1_moderate_70_0_2_7",
                "edges": {
                    "edge": {
                        "can_retire": true,
                        "max_capacity": 608258,
                        "can_expand": true,
                        "constraints": {
                            "CapacityConstraint": true,
                            "MaxCapacityConstraint": true
                        },
                        "min_capacity": 0,
                        "fixed_om_cost": 13510.19684,
                        "end_vertex": "elec_MIDAT",
                        "investment_cost": 43028.1307,
                        "variable_om_cost": 0,
                        "capacity_size": 1,
                        "availability": {
                            "timeseries": {
                                "header": "MIDAT_utilitypv_class1_moderate_70_0_2_7",
                                "path": "system/vre_availability.csv"
                            }
                        },
                        "type": "Electricity",
                        "existing_capacity": 0
                    }
                }
            },
            {
                "id": "NE_utilitypv_class1_moderate_70_0_2_1",
                "edges": {
                    "edge": {
                        "can_retire": true,
                        "max_capacity": 156573,
                        "can_expand": true,
                        "constraints": {
                            "CapacityConstraint": true,
                            "MaxCapacityConstraint": true
                        },
                        "min_capacity": 0,
                        "fixed_om_cost": 13510.19684,
                        "end_vertex": "elec_NE",
                        "investment_cost": 43445.847,
                        "variable_om_cost": 0,
                        "capacity_size": 1,
                        "availability": {
                            "timeseries": {
                                "header": "NE_utilitypv_class1_moderate_70_0_2_1",
                                "path": "system/vre_availability.csv"
                            }
                        },
                        "type": "Electricity",
                        "existing_capacity": 0
                    }
                }
            },
            {
                "id": "NE_utilitypv_class1_moderate_70_0_2_2",
                "edges": {
                    "edge": {
                        "can_retire": true,
                        "max_capacity": 141382,
                        "can_expand": true,
                        "constraints": {
                            "CapacityConstraint": true,
                            "MaxCapacityConstraint": true
                        },
                        "min_capacity": 0,
                        "fixed_om_cost": 13510.19684,
                        "end_vertex": "elec_NE",
                        "investment_cost": 43474.3934,
                        "variable_om_cost": 0,
                        "capacity_size": 1,
                        "availability": {
                            "timeseries": {
                                "header": "NE_utilitypv_class1_moderate_70_0_2_2",
                                "path": "system/vre_availability.csv"
                            }
                        },
                        "type": "Electricity",
                        "existing_capacity": 0
                    }
                }
            },
            {
                "id": "NE_utilitypv_class1_moderate_70_0_2_3",
                "edges": {
                    "edge": {
                        "can_retire": true,
                        "max_capacity": 894093,
                        "can_expand": true,
                        "constraints": {
                            "CapacityConstraint": true,
                            "MaxCapacityConstraint": true
                        },
                        "min_capacity": 0,
                        "fixed_om_cost": 13510.19684,
                        "end_vertex": "elec_NE",
                        "investment_cost": 48886.47247,
                        "variable_om_cost": 0,
                        "capacity_size": 1,
                        "availability": {
                            "timeseries": {
                                "header": "NE_utilitypv_class1_moderate_70_0_2_3",
                                "path": "system/vre_availability.csv"
                            }
                        },
                        "type": "Electricity",
                        "existing_capacity": 0
                    }
                }
            },
            {
                "id": "NE_utilitypv_class1_moderate_70_0_2_4",
                "edges": {
                    "edge": {
                        "can_retire": true,
                        "max_capacity": 301180,
                        "can_expand": true,
                        "constraints": {
                            "CapacityConstraint": true,
                            "MaxCapacityConstraint": true
                        },
                        "min_capacity": 0,
                        "fixed_om_cost": 13510.19684,
                        "end_vertex": "elec_NE",
                        "investment_cost": 47324.48871,
                        "variable_om_cost": 0,
                        "capacity_size": 1,
                        "availability": {
                            "timeseries": {
                                "header": "NE_utilitypv_class1_moderate_70_0_2_4",
                                "path": "system/vre_availability.csv"
                            }
                        },
                        "type": "Electricity",
                        "existing_capacity": 0
                    }
                }
            },
            {
                "id": "NE_utilitypv_class1_moderate_70_0_2_5",
                "edges": {
                    "edge": {
                        "can_retire": true,
                        "max_capacity": 996252,
                        "can_expand": true,
                        "constraints": {
                            "CapacityConstraint": true,
                            "MaxCapacityConstraint": true
                        },
                        "min_capacity": 0,
                        "fixed_om_cost": 13510.19684,
                        "end_vertex": "elec_NE",
                        "investment_cost": 45284.8639,
                        "variable_om_cost": 0,
                        "capacity_size": 1,
                        "availability": {
                            "timeseries": {
                                "header": "NE_utilitypv_class1_moderate_70_0_2_5",
                                "path": "system/vre_availability.csv"
                            }
                        },
                        "type": "Electricity",
                        "existing_capacity": 0
                    }
                }
            },
            {
                "id": "NE_utilitypv_class1_moderate_70_0_2_6",
                "edges": {
                    "edge": {
                        "can_retire": true,
                        "max_capacity": 14823,
                        "can_expand": true,
                        "constraints": {
                            "CapacityConstraint": true,
                            "MaxCapacityConstraint": true
                        },
                        "min_capacity": 0,
                        "fixed_om_cost": 13510.19684,
                        "end_vertex": "elec_NE",
                        "investment_cost": 43252.63671,
                        "variable_om_cost": 0,
                        "capacity_size": 1,
                        "availability": {
                            "timeseries": {
                                "header": "NE_utilitypv_class1_moderate_70_0_2_6",
                                "path": "system/vre_availability.csv"
                            }
                        },
                        "type": "Electricity",
                        "existing_capacity": 0
                    }
                }
            },
            {
                "id": "NE_utilitypv_class1_moderate_70_0_2_7",
                "edges": {
                    "edge": {
                        "can_retire": true,
                        "max_capacity": 233816,
                        "can_expand": true,
                        "constraints": {
                            "CapacityConstraint": true,
                            "MaxCapacityConstraint": true
                        },
                        "min_capacity": 0,
                        "fixed_om_cost": 13510.19684,
                        "end_vertex": "elec_NE",
                        "investment_cost": 51642.1947,
                        "variable_om_cost": 0,
                        "capacity_size": 1,
                        "availability": {
                            "timeseries": {
                                "header": "NE_utilitypv_class1_moderate_70_0_2_7",
                                "path": "system/vre_availability.csv"
                            }
                        },
                        "type": "Electricity",
                        "existing_capacity": 0
                    }
                }
            },
            {
                "id": "SE_landbasedwind_class4_moderate_70_1",
                "edges": {
                    "edge": {
                        "can_retire": true,
                        "max_capacity": 84058,
                        "can_expand": true,
                        "constraints": {
                            "CapacityConstraint": true,
                            "MaxCapacityConstraint": true
                        },
                        "min_capacity": 0,
                        "fixed_om_cost": 26256.10757,
                        "end_vertex": "elec_SE",
                        "investment_cost": 74858.52871,
                        "variable_om_cost": 0,
                        "capacity_size": 1,
                        "availability": {
                            "timeseries": {
                                "header": "SE_landbasedwind_class4_moderate_70_1",
                                "path": "system/vre_availability.csv"
                            }
                        },
                        "type": "Electricity",
                        "existing_capacity": 0
                    }
                }
            },
            {
                "id": "SE_landbasedwind_class4_moderate_70_2",
                "edges": {
                    "edge": {
                        "can_retire": true,
                        "max_capacity": 20182,
                        "can_expand": true,
                        "constraints": {
                            "CapacityConstraint": true,
                            "MaxCapacityConstraint": true
                        },
                        "min_capacity": 0,
                        "fixed_om_cost": 26256.10757,
                        "end_vertex": "elec_SE",
                        "investment_cost": 71910.68871,
                        "variable_om_cost": 0,
                        "capacity_size": 1,
                        "availability": {
                            "timeseries": {
                                "header": "SE_landbasedwind_class4_moderate_70_2",
                                "path": "system/vre_availability.csv"
                            }
                        },
                        "type": "Electricity",
                        "existing_capacity": 0
                    }
                }
            },
            {
                "id": "SE_landbasedwind_class4_moderate_70_3",
                "edges": {
                    "edge": {
                        "can_retire": true,
                        "max_capacity": 105301,
                        "can_expand": true,
                        "constraints": {
                            "CapacityConstraint": true,
                            "MaxCapacityConstraint": true
                        },
                        "min_capacity": 0,
                        "fixed_om_cost": 26256.10757,
                        "end_vertex": "elec_SE",
                        "investment_cost": 74548.28871,
                        "variable_om_cost": 0,
                        "capacity_size": 1,
                        "availability": {
                            "timeseries": {
                                "header": "SE_landbasedwind_class4_moderate_70_3",
                                "path": "system/vre_availability.csv"
                            }
                        },
                        "type": "Electricity",
                        "existing_capacity": 0
                    }
                }
            },
            {
                "id": "SE_landbasedwind_class4_moderate_70_4",
                "edges": {
                    "edge": {
                        "can_retire": true,
                        "max_capacity": 95536,
                        "can_expand": true,
                        "constraints": {
                            "CapacityConstraint": true,
                            "MaxCapacityConstraint": true
                        },
                        "min_capacity": 0,
                        "fixed_om_cost": 26256.10757,
                        "end_vertex": "elec_SE",
                        "investment_cost": 77283.32871,
                        "variable_om_cost": 0,
                        "capacity_size": 1,
                        "availability": {
                            "timeseries": {
                                "header": "SE_landbasedwind_class4_moderate_70_4",
                                "path": "system/vre_availability.csv"
                            }
                        },
                        "type": "Electricity",
                        "existing_capacity": 0
                    }
                }
            },
            {
                "id": "SE_landbasedwind_class4_moderate_70_5",
                "edges": {
                    "edge": {
                        "can_retire": true,
                        "max_capacity": 79807,
                        "can_expand": true,
                        "constraints": {
                            "CapacityConstraint": true,
                            "MaxCapacityConstraint": true
                        },
                        "min_capacity": 0,
                        "fixed_om_cost": 26256.10757,
                        "end_vertex": "elec_SE",
                        "investment_cost": 78208.44871,
                        "variable_om_cost": 0,
                        "capacity_size": 1,
                        "availability": {
                            "timeseries": {
                                "header": "SE_landbasedwind_class4_moderate_70_5",
                                "path": "system/vre_availability.csv"
                            }
                        },
                        "type": "Electricity",
                        "existing_capacity": 0
                    }
                }
            },
            {
                "id": "SE_landbasedwind_class4_moderate_70_6",
                "edges": {
                    "edge": {
                        "can_retire": true,
                        "max_capacity": 117168,
                        "can_expand": true,
                        "constraints": {
                            "CapacityConstraint": true,
                            "MaxCapacityConstraint": true
                        },
                        "min_capacity": 0,
                        "fixed_om_cost": 26256.10757,
                        "end_vertex": "elec_SE",
                        "investment_cost": 74465.40871,
                        "variable_om_cost": 0,
                        "capacity_size": 1,
                        "availability": {
                            "timeseries": {
                                "header": "SE_landbasedwind_class4_moderate_70_6",
                                "path": "system/vre_availability.csv"
                            }
                        },
                        "type": "Electricity",
                        "existing_capacity": 0
                    }
                }
            },
            {
                "id": "SE_landbasedwind_class4_moderate_70_7",
                "edges": {
                    "edge": {
                        "can_retire": true,
                        "max_capacity": 66201,
                        "can_expand": true,
                        "constraints": {
                            "CapacityConstraint": true,
                            "MaxCapacityConstraint": true
                        },
                        "min_capacity": 0,
                        "fixed_om_cost": 26256.10757,
                        "end_vertex": "elec_SE",
                        "investment_cost": 73950.20871,
                        "variable_om_cost": 0,
                        "capacity_size": 1,
                        "availability": {
                            "timeseries": {
                                "header": "SE_landbasedwind_class4_moderate_70_7",
                                "path": "system/vre_availability.csv"
                            }
                        },
                        "type": "Electricity",
                        "existing_capacity": 0
                    }
                }
            },
            {
                "id": "SE_landbasedwind_class4_moderate_70_8",
                "edges": {
                    "edge": {
                        "can_retire": true,
                        "max_capacity": 102849,
                        "can_expand": true,
                        "constraints": {
                            "CapacityConstraint": true,
                            "MaxCapacityConstraint": true
                        },
                        "min_capacity": 0,
                        "fixed_om_cost": 26256.10757,
                        "end_vertex": "elec_SE",
                        "investment_cost": 76381.72871,
                        "variable_om_cost": 0,
                        "capacity_size": 1,
                        "availability": {
                            "timeseries": {
                                "header": "SE_landbasedwind_class4_moderate_70_8",
                                "path": "system/vre_availability.csv"
                            }
                        },
                        "type": "Electricity",
                        "existing_capacity": 0
                    }
                }
            },
            {
                "id": "MIDAT_landbasedwind_class4_moderate_70_1",
                "edges": {
                    "edge": {
                        "can_retire": true,
                        "max_capacity": 1384,
                        "can_expand": true,
                        "constraints": {
                            "CapacityConstraint": true,
                            "MaxCapacityConstraint": true
                        },
                        "min_capacity": 0,
                        "fixed_om_cost": 26256.10757,
                        "end_vertex": "elec_MIDAT",
                        "investment_cost": 78331.91929,
                        "variable_om_cost": 0,
                        "capacity_size": 1,
                        "availability": {
                            "timeseries": {
                                "header": "MIDAT_landbasedwind_class4_moderate_70_1",
                                "path": "system/vre_availability.csv"
                            }
                        },
                        "type": "Electricity",
                        "existing_capacity": 0
                    }
                }
            },
            {
                "id": "MIDAT_landbasedwind_class4_moderate_70_2",
                "edges": {
                    "edge": {
                        "can_retire": true,
                        "max_capacity": 25176,
                        "can_expand": true,
                        "constraints": {
                            "CapacityConstraint": true,
                            "MaxCapacityConstraint": true
                        },
                        "min_capacity": 0,
                        "fixed_om_cost": 26256.10757,
                        "end_vertex": "elec_MIDAT",
                        "investment_cost": 78069.83929,
                        "variable_om_cost": 0,
                        "capacity_size": 1,
                        "availability": {
                            "timeseries": {
                                "header": "MIDAT_landbasedwind_class4_moderate_70_2",
                                "path": "system/vre_availability.csv"
                            }
                        },
                        "type": "Electricity",
                        "existing_capacity": 0
                    }
                }
            },
            {
                "id": "MIDAT_landbasedwind_class4_moderate_70_3",
                "edges": {
                    "edge": {
                        "can_retire": true,
                        "max_capacity": 10379,
                        "can_expand": true,
                        "constraints": {
                            "CapacityConstraint": true,
                            "MaxCapacityConstraint": true
                        },
                        "min_capacity": 0,
                        "fixed_om_cost": 26256.10757,
                        "end_vertex": "elec_MIDAT",
                        "investment_cost": 76035.91929,
                        "variable_om_cost": 0,
                        "capacity_size": 1,
                        "availability": {
                            "timeseries": {
                                "header": "MIDAT_landbasedwind_class4_moderate_70_3",
                                "path": "system/vre_availability.csv"
                            }
                        },
                        "type": "Electricity",
                        "existing_capacity": 0
                    }
                }
            },
            {
                "id": "MIDAT_landbasedwind_class4_moderate_70_4",
                "edges": {
                    "edge": {
                        "can_retire": true,
                        "max_capacity": 94297,
                        "can_expand": true,
                        "constraints": {
                            "CapacityConstraint": true,
                            "MaxCapacityConstraint": true
                        },
                        "min_capacity": 0,
                        "fixed_om_cost": 26256.10757,
                        "end_vertex": "elec_MIDAT",
                        "investment_cost": 78783.27929,
                        "variable_om_cost": 0,
                        "capacity_size": 1,
                        "availability": {
                            "timeseries": {
                                "header": "MIDAT_landbasedwind_class4_moderate_70_4",
                                "path": "system/vre_availability.csv"
                            }
                        },
                        "type": "Electricity",
                        "existing_capacity": 0
                    }
                }
            },
            {
                "id": "MIDAT_landbasedwind_class4_moderate_70_5",
                "edges": {
                    "edge": {
                        "can_retire": true,
                        "max_capacity": 78586,
                        "can_expand": true,
                        "constraints": {
                            "CapacityConstraint": true,
                            "MaxCapacityConstraint": true
                        },
                        "min_capacity": 0,
                        "fixed_om_cost": 26256.10757,
                        "end_vertex": "elec_MIDAT",
                        "investment_cost": 79963.75929,
                        "variable_om_cost": 0,
                        "capacity_size": 1,
                        "availability": {
                            "timeseries": {
                                "header": "MIDAT_landbasedwind_class4_moderate_70_5",
                                "path": "system/vre_availability.csv"
                            }
                        },
                        "type": "Electricity",
                        "existing_capacity": 0
                    }
                }
            },
            {
                "id": "MIDAT_landbasedwind_class4_moderate_70_6",
                "edges": {
                    "edge": {
                        "can_retire": true,
                        "max_capacity": 86257,
                        "can_expand": true,
                        "constraints": {
                            "CapacityConstraint": true,
                            "MaxCapacityConstraint": true
                        },
                        "min_capacity": 0,
                        "fixed_om_cost": 26256.10757,
                        "end_vertex": "elec_MIDAT",
                        "investment_cost": 79696.07929,
                        "variable_om_cost": 0,
                        "capacity_size": 1,
                        "availability": {
                            "timeseries": {
                                "header": "MIDAT_landbasedwind_class4_moderate_70_6",
                                "path": "system/vre_availability.csv"
                            }
                        },
                        "type": "Electricity",
                        "existing_capacity": 0
                    }
                }
            },
            {
                "id": "MIDAT_landbasedwind_class4_moderate_70_7",
                "edges": {
                    "edge": {
                        "can_retire": true,
                        "max_capacity": 42063,
                        "can_expand": true,
                        "constraints": {
                            "CapacityConstraint": true,
                            "MaxCapacityConstraint": true
                        },
                        "min_capacity": 0,
                        "fixed_om_cost": 26256.10757,
                        "end_vertex": "elec_MIDAT",
                        "investment_cost": 82433.35929,
                        "variable_om_cost": 0,
                        "capacity_size": 1,
                        "availability": {
                            "timeseries": {
                                "header": "MIDAT_landbasedwind_class4_moderate_70_7",
                                "path": "system/vre_availability.csv"
                            }
                        },
                        "type": "Electricity",
                        "existing_capacity": 0
                    }
                }
            },
            {
                "id": "NE_landbasedwind_class4_moderate_70_1",
                "edges": {
                    "edge": {
                        "can_retire": true,
                        "max_capacity": 6841,
                        "can_expand": true,
                        "constraints": {
                            "CapacityConstraint": true,
                            "MaxCapacityConstraint": true
                        },
                        "min_capacity": 0,
                        "fixed_om_cost": 26256.10757,
                        "end_vertex": "elec_NE",
                        "investment_cost": 90411.84793,
                        "variable_om_cost": 0,
                        "capacity_size": 1,
                        "availability": {
                            "timeseries": {
                                "header": "NE_landbasedwind_class4_moderate_70_1",
                                "path": "system/vre_availability.csv"
                            }
                        },
                        "type": "Electricity",
                        "existing_capacity": 0
                    }
                }
            },
            {
                "id": "NE_landbasedwind_class4_moderate_70_2",
                "edges": {
                    "edge": {
                        "can_retire": true,
                        "max_capacity": 10960,
                        "can_expand": true,
                        "constraints": {
                            "CapacityConstraint": true,
                            "MaxCapacityConstraint": true
                        },
                        "min_capacity": 0,
                        "fixed_om_cost": 26256.10757,
                        "end_vertex": "elec_NE",
                        "investment_cost": 91172.32793,
                        "variable_om_cost": 0,
                        "capacity_size": 1,
                        "availability": {
                            "timeseries": {
                                "header": "NE_landbasedwind_class4_moderate_70_2",
                                "path": "system/vre_availability.csv"
                            }
                        },
                        "type": "Electricity",
                        "existing_capacity": 0
                    }
                }
            },
            {
                "id": "NE_landbasedwind_class4_moderate_70_3",
                "edges": {
                    "edge": {
                        "can_retire": true,
                        "max_capacity": 65324,
                        "can_expand": true,
                        "constraints": {
                            "CapacityConstraint": true,
                            "MaxCapacityConstraint": true
                        },
                        "min_capacity": 0,
                        "fixed_om_cost": 26256.10757,
                        "end_vertex": "elec_NE",
                        "investment_cost": 102114.7279,
                        "variable_om_cost": 0,
                        "capacity_size": 1,
                        "availability": {
                            "timeseries": {
                                "header": "NE_landbasedwind_class4_moderate_70_3",
                                "path": "system/vre_availability.csv"
                            }
                        },
                        "type": "Electricity",
                        "existing_capacity": 0
                    }
                }
            },
            {
                "id": "NE_landbasedwind_class4_moderate_70_4",
                "edges": {
                    "edge": {
                        "can_retire": true,
                        "max_capacity": 17702,
                        "can_expand": true,
                        "constraints": {
                            "CapacityConstraint": true,
                            "MaxCapacityConstraint": true
                        },
                        "min_capacity": 0,
                        "fixed_om_cost": 26256.10757,
                        "end_vertex": "elec_NE",
                        "investment_cost": 97037.76793,
                        "variable_om_cost": 0,
                        "capacity_size": 1,
                        "availability": {
                            "timeseries": {
                                "header": "NE_landbasedwind_class4_moderate_70_4",
                                "path": "system/vre_availability.csv"
                            }
                        },
                        "type": "Electricity",
                        "existing_capacity": 0
                    }
                }
            },
            {
                "id": "NE_landbasedwind_class4_moderate_70_5",
                "edges": {
                    "edge": {
                        "can_retire": true,
                        "max_capacity": 90535,
                        "can_expand": true,
                        "constraints": {
                            "CapacityConstraint": true,
                            "MaxCapacityConstraint": true
                        },
                        "min_capacity": 0,
                        "fixed_om_cost": 26256.10757,
                        "end_vertex": "elec_NE",
                        "investment_cost": 95103.52793,
                        "variable_om_cost": 0,
                        "capacity_size": 1,
                        "availability": {
                            "timeseries": {
                                "header": "NE_landbasedwind_class4_moderate_70_5",
                                "path": "system/vre_availability.csv"
                            }
                        },
                        "type": "Electricity",
                        "existing_capacity": 0
                    }
                }
            },
            {
                "id": "NE_landbasedwind_class4_moderate_70_6",
                "edges": {
                    "edge": {
                        "can_retire": true,
                        "max_capacity": 1111,
                        "can_expand": true,
                        "constraints": {
                            "CapacityConstraint": true,
                            "MaxCapacityConstraint": true
                        },
                        "min_capacity": 0,
                        "fixed_om_cost": 26256.10757,
                        "end_vertex": "elec_NE",
                        "investment_cost": 91036.80793,
                        "variable_om_cost": 0,
                        "capacity_size": 1,
                        "availability": {
                            "timeseries": {
                                "header": "NE_landbasedwind_class4_moderate_70_6",
                                "path": "system/vre_availability.csv"
                            }
                        },
                        "type": "Electricity",
                        "existing_capacity": 0
                    }
                }
            },
            {
                "id": "NE_landbasedwind_class4_moderate_70_7",
                "edges": {
                    "edge": {
                        "can_retire": true,
                        "max_capacity": 13217,
                        "can_expand": true,
                        "constraints": {
                            "CapacityConstraint": true,
                            "MaxCapacityConstraint": true
                        },
                        "min_capacity": 0,
                        "fixed_om_cost": 26256.10757,
                        "end_vertex": "elec_NE",
                        "investment_cost": 101355.3679,
                        "variable_om_cost": 0,
                        "capacity_size": 1,
                        "availability": {
                            "timeseries": {
                                "header": "NE_landbasedwind_class4_moderate_70_7",
                                "path": "system/vre_availability.csv"
                            }
                        },
                        "type": "Electricity",
                        "existing_capacity": 0
                    }
                }
            }
        ],
        "type": "VRE"
    }
}