Resource,Zone,New_Build,Can_Retire,Existing_Cap_MW,region,technology,cluster,Cap_Size,minimum_load_mw,Heat_Rate_MMBTU_per_MWh,Fixed_OM_Cost_per_MWyr,Var_OM_Cost_per_MWh,heat_rate_mmbtu_mwh_iqr,heat_rate_mmbtu_mwh_std,num_units,capacity_factor,unmodified_cap_size,Num_VRE_Bins,cost_case,tech_detail,basis_year,capex_mw,Inv_Cost_per_MWyr,Max_Cap_MW,regional_cost_multiplier,area,lcoe,interconnect_annuity,interconnect_capex_mw,m_popden,plant_inv_cost_mwyr,variable_CF,min_cap_mw
p1_onshore_wind_turbine_1,1,0,1,604.4,p1,Onshore Wind Turbine,1,100.73,0.917,8.77,0,0,0,0,6,0.16,100.733,1,0,0,0,0,0,0,0,0,0,0,0,0,0,0.408703046,0
p1_solar_photovoltaic_1,1,0,1,15.6,p1,Solar Photovoltaic,1,3.12,0,8.77,0,0,0,0.001,5,68.757,3.12,1,0,0,0,0,0,0,0,0,0,0,0,0,0,0.276246626,0
p10_onshore_wind_turbine_1,2,0,1,4193.5,p10,Onshore Wind Turbine,1,51.77,0.696,8.77,0,0,0,0.094,81,0.252,51.772,1,0,0,0,0,0,0,0,0,0,0,0,0,0,0.502068744,0
p10_solar_photovoltaic_1,2,0,1,13107.1,p10,Solar Photovoltaic,1,22.72,0.002,8.77,0,0,0,0.173,577,0.254,22.716,1,0,0,0,0,0,0,0,0,0,0,0,0,0,0.251377492,0
p11_onshore_wind_turbine_1,3,0,1,458.4,p11,Onshore Wind Turbine,1,152.8,88.467,8.77,0,0,0.111,0.222,3,0.241,152.8,1,0,0,0,0,0,0,0,0,0,0,0,0,0,0.418291694,0
p11_solar_photovoltaic_1,3,0,1,179.7,p11,Solar Photovoltaic,1,6.66,0,8.77,0,0,0.115,0.195,27,0.571,6.656,1,0,0,0,0,0,0,0,0,0,0,0,0,0,0.242036452,0
p12_onshore_wind_turbine_1,4,0,1,150,p12,Onshore Wind Turbine,1,150,150,8.77,0,0,0,0,1,0.251,150,1,0,0,0,0,0,0,0,0,0,0,0,0,0,0.344940068,0
p12_solar_photovoltaic_1,4,0,1,1095,p12,Solar Photovoltaic,1,84.23,0,8.77,0,0,0.443,0.226,13,1.32,84.231,1,0,0,0,0,0,0,0,0,0,0,0,0,0,0.257304846,0
p13_solar_photovoltaic_1,5,0,1,3429.4,p13,Solar Photovoltaic,1,57.16,0,8.77,0,0,0,0.166,60,0.27,57.157,1,0,0,0,0,0,0,0,0,0,0,0,0,0,0.230742798,0
p15_onshore_wind_turbine_1,7,0,1,202.4,p15,Onshore Wind Turbine,1,22.49,0.689,8.77,0,0,0,0,9,0.263,22.489,1,0,0,0,0,0,0,0,0,0,0,0,0,0,0.341022101,0
p15_solar_photovoltaic_1,7,0,1,188,p15,Solar Photovoltaic,1,26.86,0,8.77,0,0,0,0.157,7,0.247,26.857,1,0,0,0,0,0,0,0,0,0,0,0,0,0,0.228518212,0
p16_onshore_wind_turbine_1,8,0,1,710.4,p16,Onshore Wind Turbine,1,32.29,0.991,8.77,0,0,0,0.125,22,0.321,32.291,1,0,0,0,0,0,0,0,0,0,0,0,0,0,0.368927388,0
p16_solar_photovoltaic_1,8,0,1,40,p16,Solar Photovoltaic,1,20,0,8.77,0,0,0.443,0.256,2,0.241,20,1,0,0,0,0,0,0,0,0,0,0,0,0,0,0.226313686,0
p17_solar_photovoltaic_1,9,0,1,0,p17,Solar Photovoltaic,1,1,0,9.21,0,0,0,0,1,0,0,1,0,0,0,0,0,0,0,0,0,0,0,0,0,0.213491316,0
p18_onshore_wind_turbine_1,10,0,1,556.6,p18,Onshore Wind Turbine,1,46.38,6.942,8.77,0,0,0.443,0.208,12,0.353,46.383,1,0,0,0,0,0,0,0,0,0,0,0,0,0,0.453041959,0
p18_solar_photovoltaic_1,10,0,1,14,p18,Solar Photovoltaic,1,2.8,0,8.77,0,0,0,0,5,0.195,2.8,1,0,0,0,0,0,0,0,0,0,0,0,0,0,0.214389571,0
p2_onshore_wind_turbine_1,12,0,1,2521.2,p2,Onshore Wind Turbine,1,140.07,0.95,8.77,0,0,0,0,18,0.286,140.067,1,0,0,0,0,0,0,0,0,0,0,0,0,0,0.40672416,0
p2_solar_photovoltaic_1,12,0,1,152.3,p2,Solar Photovoltaic,1,76.15,0,8.77,0,0,0.222,0.256,2,0.074,76.15,1,0,0,0,0,0,0,0,0,0,0,0,0,0,0.273375388,0
p20_onshore_wind_turbine_1,13,0,1,366.3,p20,Onshore Wind Turbine,1,45.79,0.575,8.77,0,0,0.222,0.207,8,0.376,45.788,1,0,0,0,0,0,0,0,0,0,0,0,0,0,0.460294214,0
p20_solar_photovoltaic_1,13,0,1,83,p20,Solar Photovoltaic,1,41.5,0,8.77,0,0,0,0,2,0.18,41.5,1,0,0,0,0,0,0,0,0,0,0,0,0,0,0.214661537,0
p21_onshore_wind_turbine_1,14,0,1,283.2,p21,Onshore Wind Turbine,1,94.4,3.333,8.77,0,0,0,0,3,0.262,94.4,1,0,0,0,0,0,0,0,0,0,0,0,0,0,0.428584854,0
p21_solar_photovoltaic_1,14,0,1,92,p21,Solar Photovoltaic,1,92,0,8.77,0,0,0,0,1,0.163,92,1,0,0,0,0,0,0,0,0,0,0,0,0,0,0.216298899,0
p24_onshore_wind_turbine_1,17,0,1,3508.6,p24,Onshore Wind Turbine,1,120.99,0.776,8.77,0,0,0,0.169,29,0.326,120.986,1,0,0,0,0,0,0,0,0,0,0,0,0,0,0.477686907,0
p25_onshore_wind_turbine_1,18,0,1,389.7,p25,Onshore Wind Turbine,1,64.95,0.517,8.77,0,0,0,0,6,0.237,64.95,1,0,0,0,0,0,0,0,0,0,0,0,0,0,0.324503544,0
p25_solar_photovoltaic_1,18,0,1,1780.6,p25,Solar Photovoltaic,1,44.52,0,8.77,0,0,0.443,0.199,40,0.256,44.515,1,0,0,0,0,0,0,0,0,0,0,0,0,0,0.22702927,0
p26_solar_photovoltaic_1,19,0,1,57.6,p26,Solar Photovoltaic,1,57.6,0,8.77,0,0,0.221,0.313,1,0.192,57.6,1,0,0,0,0,0,0,0,0,0,0,0,0,0,0.216866794,0
p27_onshore_wind_turbine_1,20,0,1,360,p27,Onshore Wind Turbine,1,180,0,8.77,0,0,0,0,2,0.18,180,1,0,0,0,0,0,0,0,0,0,0,0,0,0,0.382322527,0
p27_solar_photovoltaic_1,20,0,1,84.3,p27,Solar Photovoltaic,1,12.04,0,8.77,0,0,0,0,7,0.34,12.043,1,0,0,0,0,0,0,0,0,0,0,0,0,0,0.225413527,0
p28_onshore_wind_turbine_1,21,0,1,257.3,p28,Onshore Wind Turbine,1,64.32,1.25,8.77,0,0,0.332,0.229,4,0.292,64.325,1,0,0,0,0,0,0,0,0,0,0,0,0,0,0.325985088,0
p28_solar_photovoltaic_1,21,0,1,2498.4,p28,Solar Photovoltaic,1,31.23,0,8.77,0,0,0,0.18,80,0.31,31.23,1,0,0,0,0,0,0,0,0,0,0,0,0,0,0.230042439,0
p29_solar_photovoltaic_1,22,0,1,13.4,p29,Solar Photovoltaic,1,4.47,0,8.77,0,0,0,0,3,24.3,4.467,1,0,0,0,0,0,0,0,0,0,0,0,0,0,0.22680976,0
p3_onshore_wind_turbine_1,23,0,1,375.3,p3,Onshore Wind Turbine,1,125.1,0.767,8.77,0,0,0,0,3,0.303,125.1,1,0,0,0,0,0,0,0,0,0,0,0,0,0,0.359671784,0
p3_solar_photovoltaic_1,23,0,1,19.2,p3,Solar Photovoltaic,1,19.2,0,8.77,0,0,0,0,1,0.198,19.2,1,0,0,0,0,0,0,0,0,0,0,0,0,0,0.255097138,0
p30_solar_photovoltaic_1,24,0,1,255.5,p30,Solar Photovoltaic,1,9.46,0,8.77,0,0,0,0.135,27,0.22,9.463,1,0,0,0,0,0,0,0,0,0,0,0,0,0,0.229080479,0
p31_onshore_wind_turbine_1,25,0,1,2149.9,p31,Onshore Wind Turbine,1,165.38,0.985,8.77,0,0,0,0.118,13,0.235,165.377,1,0,0,0,0,0,0,0,0,0,0,0,0,0,0.434693747,0
p31_solar_photovoltaic_1,25,0,1,747.7,p31,Solar Photovoltaic,1,11.33,0,8.77,0,0,0,0.138,66,0.264,11.329,1,0,0,0,0,0,0,0,0,0,0,0,0,0,0.229270932,0
p32_onshore_wind_turbine_1,26,0,1,103.5,p32,Onshore Wind Turbine,1,103.5,0,8.77,0,0,0,0,1,0.29,103.5,1,0,0,0,0,0,0,0,0,0,0,0,0,0,0.462839204,0
p32_solar_photovoltaic_1,26,0,1,0,p32,Solar Photovoltaic,1,1,0,9.21,0,0,0,0,1,0,0,1,0,0,0,0,0,0,0,0,0,0,0,0,0,0.220949837,0
p33_onshore_wind_turbine_1,27,0,1,1869.7,p33,Onshore Wind Turbine,1,116.86,1.8,8.77,0,0,0,0.107,16,0.31,116.856,1,0,0,0,0,0,0,0,0,0,0,0,0,0,0.437705365,0
p33_solar_photovoltaic_1,27,0,1,530.1,p33,Solar Photovoltaic,1,6.09,0,8.77,0,0,0,0.161,87,0.188,6.093,1,0,0,0,0,0,0,0,0,0,0,0,0,0,0.222610888,0
p34_onshore_wind_turbine_1,28,0,1,3269.3,p34,Onshore Wind Turbine,1,142.14,9.874,8.77,0,0,0,0.09,23,0.337,142.143,1,0,0,0,0,0,0,0,0,0,0,0,0,0,0.419939122,0
p34_solar_photovoltaic_1,28,0,1,1264.6,p34,Solar Photovoltaic,1,36.13,0,8.77,0,0,0,0.186,35,0.223,36.131,1,0,0,0,0,0,0,0,0,0,0,0,0,0,0.222538289,0
p5_onshore_wind_turbine_1,30,0,1,3901.8,p5,Onshore Wind Turbine,1,84.82,1.246,8.77,0,0,0,0.065,46,0.256,84.822,1,0,0,0,0,0,0,0,0,0,0,0,0,0,0.402080616,0
p5_solar_photovoltaic_1,30,0,1,751.3,p5,Solar Photovoltaic,1,10.73,0,8.77,0,0,0,0.153,70,0.33,10.733,1,0,0,0,0,0,0,0,0,0,0,0,0,0,0.259607403,0
p59_solar_photovoltaic_1,31,0,1,15.3,p59,Solar Photovoltaic,1,5.1,0,8.77,0,0,0,0,3,0.291,5.1,1,0,0,0,0,0,0,0,0,0,0,0,0,0,0.229478024,0
p6_solar_photovoltaic_1,32,0,1,88.7,p6,Solar Photovoltaic,1,7.39,0,8.77,0,0,0,0.123,12,0.209,7.392,1,0,0,0,0,0,0,0,0,0,0,0,0,0,0.26604872,0
p7_onshore_wind_turbine_1,33,0,1,53,p7,Onshore Wind Turbine,1,8.83,0.083,8.77,0,0,0,0,6,0.313,8.833,1,0,0,0,0,0,0,0,0,0,0,0,0,0,0.344891513,0
p7_solar_photovoltaic_1,33,0,1,637.8,p7,Solar Photovoltaic,1,24.53,0,8.77,0,0,0,0,26,0.207,24.531,1,0,0,0,0,0,0,0,0,0,0,0,0,0,0.266939985,0
p8_solar_photovoltaic_1,34,0,1,9.2,p8,Solar Photovoltaic,1,4.6,0,8.77,0,0,0,0,2,0.147,4.6,1,0,0,0,0,0,0,0,0,0,0,0,0,0,0.30028557,0
p9_onshore_wind_turbine_1,35,0,1,1566.9,p9,Onshore Wind Turbine,1,44.77,3.874,8.77,0,0,0,0.135,35,0.287,44.769,1,0,0,0,0,0,0,0,0,0,0,0,0,0,0.438298782,0
p9_solar_photovoltaic_1,35,0,1,4672.3,p9,Solar Photovoltaic,1,18.84,0.006,8.77,0,0,0.443,0.195,248,0.236,18.84,1,0,0,0,0,0,0,0,0,0,0,0,0,0,0.283169915,0
p1_landbasedwind_class3_moderate_1,1,1,1,0,p1,LandbasedWind_Class3_Moderate_,1,1,0,0,27285,-11.16,0,0,0,0,0,1,Moderate,Class3,2026,1287757.682,149813,2409.1,1.266,2097.25,47.502,19101.492,380115.574,0.464,130712,0.364450991,0
p1_landbasedwind_class3_moderate_2,1,1,1,0,p1,LandbasedWind_Class3_Moderate_,2,1,0,0,27285,-11.16,0,0,0,0,0,1,Moderate,Class3,2026,1287757.682,155548,2385.7,1.266,1884.5,53.705,24836.866,494248.27,0.368,130712,0.332209349,0
p1_landbasedwind_class3_moderate_3,1,1,1,0,p1,LandbasedWind_Class3_Moderate_,3,1,0,0,27285,-11.16,0,0,0,0,0,1,Moderate,Class3,2026,1287757.682,157175,2445.1,1.266,2173.5,58.095,26463.312,526614.199,0.523,130712,0.307901919,0
p1_landbasedwind_class3_moderate_4,1,1,1,0,p1,LandbasedWind_Class3_Moderate_,4,1,0,0,27285,-11.16,0,0,0,0,0,1,Moderate,Class3,2026,1287757.682,151561,2299.6,1.266,2360,67.745,20849.357,414898.28,0.721,130712,0.256967485,0
p1_utilitypv_class1_moderate_1,1,1,1,0,p1,UtilityPV_Class1_Moderate_,1,1,0,0,18134,-10.64,0,0,0,0,0,1,Moderate,Class1,2026,1148162.788,92999,21583.2,0.989,4489.038,35.015,7847.369,156160.952,6.113,85152,0.179715589,0
p1_utilitypv_class1_moderate_2,1,1,1,0,p1,UtilityPV_Class1_Moderate_,2,1,0,0,18134,-10.64,0,0,0,0,0,1,Moderate,Class1,2026,1148162.788,102813,21581.8,0.989,3250.279,39.36,17661.38,351458.937,3.362,85152,0.163936064,0
p1_utilitypv_class1_moderate_3,1,1,1,0,p1,UtilityPV_Class1_Moderate_,3,1,0,0,18134,-10.64,0,0,0,0,0,1,Moderate,Class1,2026,1148162.788,107325,21698.1,0.989,2841.937,42.005,22173.549,441249.626,1.829,85152,0.081960633,0
p1_utilitypv_class1_moderate_4,1,1,1,0,p1,UtilityPV_Class1_Moderate_,4,1,0,0,18134,-10.64,0,0,0,0,0,1,Moderate,Class1,2026,1148162.788,114757,21456.7,0.989,2762.246,45.54,29605.942,589152.713,1.573,85152,0.075597569,0
p1_offshorewind_class3_moderate_fixed_1_1,1,1,1,0,p1,OffShoreWind_Class3_Moderate_fixed_1,1,1,0,0,73503,0,0,0,0,0,0,1,Moderate,Class3,2026,2793055.479,310204,34216.7,1,0,112.923,83816.389,1638813.626,0,226388,0.433206797,0
p1_offshorewind_class3_moderate_fixed_1_2,1,1,1,0,p1,OffShoreWind_Class3_Moderate_fixed_1,2,1,0,0,73503,0,0,0,0,0,0,1,Moderate,Class3,2026,2793055.479,308536,34122.5,1,0,118.594,82148.982,1606211.793,0,226388,0.41762358,0
p1_offshorewind_class3_moderate_fixed_0_1,1,1,1,0,p1,OffShoreWind_Class3_Moderate_fixed_0,1,1,0,0,73503,0,0,0,0,0,0,1,Moderate,Class3,2026,2793055.479,310204,34216.7,1,0,112.923,83816.389,1638813.626,0,226388,0.433206797,0
p1_offshorewind_class3_moderate_fixed_0_2,1,1,1,0,p1,OffShoreWind_Class3_Moderate_fixed_0,2,1,0,0,73503,0,0,0,0,0,0,1,Moderate,Class3,2026,2793055.479,308536,34122.5,1,0,118.594,82148.982,1606211.793,0,226388,0.41762358,0
p1_offshorewind_class12_moderate_floating_0_1,1,1,1,0,p1,OffShoreWind_Class12_Moderate_floating_0,1,1,0,0,64011,0,0,0,0,0,0,1,Moderate,Class12,2030,4415942.658,442752,34216.7,1,0,112.923,83816.389,1638813.626,0,358936,0.433206797,0
p1_offshorewind_class12_moderate_floating_0_2,1,1,1,0,p1,OffShoreWind_Class12_Moderate_floating_0,2,1,0,0,64011,0,0,0,0,0,0,1,Moderate,Class12,2030,4415942.658,441084,34122.5,1,0,118.594,82148.982,1606211.793,0,358936,0.41762358,0
p10_landbasedwind_class3_moderate_1,2,1,1,0,p10,LandbasedWind_Class3_Moderate_,1,1,0,0,27285,-11.16,0,0,0,0,0,1,Moderate,Class3,2026,1287757.682,185098,760.9,1.657,788,44.683,14077.259,280134.414,0.685,171021,0.448532283,0
p10_landbasedwind_class3_moderate_2,2,1,1,0,p10,LandbasedWind_Class3_Moderate_,2,1,0,0,27285,-11.16,0,0,0,0,0,1,Moderate,Class3,2026,1287757.682,185426,669.4,1.657,481,53.785,14405.061,286657.6,0.416,171021,0.363677412,0
p10_landbasedwind_class3_moderate_3,2,1,1,0,p10,LandbasedWind_Class3_Moderate_,3,1,0,0,27285,-11.16,0,0,0,0,0,1,Moderate,Class3,2026,1287757.682,188365,704.3,1.657,708.5,60.651,17344.443,345150.682,0.647,171021,0.329544425,0
p10_landbasedwind_class3_moderate_4,2,1,1,0,p10,LandbasedWind_Class3_Moderate_,4,1,0,0,27285,-11.16,0,0,0,0,0,1,Moderate,Class3,2026,1287757.682,186550,704.8,1.657,940.75,69.433,15529.732,309038.318,1.197,171021,0.286611676,0
p10_utilitypv_class1_moderate_1,2,1,1,0,p10,UtilityPV_Class1_Moderate_,1,1,0,0,18134,-10.64,0,0,0,0,0,1,Moderate,Class1,2026,1148162.788,99342,21359.8,1.059,3589.76,26.797,8242.581,164025.582,3.989,91100,0.265404105,0
p10_utilitypv_class1_moderate_2,2,1,1,0,p10,UtilityPV_Class1_Moderate_,2,1,0,0,18134,-10.64,0,0,0,0,0,1,Moderate,Class1,2026,1148162.788,108155,21287.1,1.059,3094.687,29.648,17055.358,339397.942,2.774,91100,0.272016197,0
p10_utilitypv_class1_moderate_3,2,1,1,0,p10,UtilityPV_Class1_Moderate_,3,1,0,0,18134,-10.64,0,0,0,0,0,1,Moderate,Class1,2026,1148162.788,124248,21295.2,1.059,2682.35,35.736,33148.485,659651.453,1.515,91100,0.288689554,0
p10_utilitypv_class1_moderate_4,2,1,1,0,p10,UtilityPV_Class1_Moderate_,4,1,0,0,18134,-10.64,0,0,0,0,0,1,Moderate,Class1,2026,1148162.788,136687,21238.2,1.059,2597.302,40.185,45587.006,907182.677,1.476,91100,0.28809613,0
p10_offshorewind_class3_moderate_fixed_1_1,2,1,1,0,p10,OffShoreWind_Class3_Moderate_fixed_1,1,1,0,0,73503,0,0,0,0,0,0,1,Moderate,Class3,2026,2793055.479,308973,57820.6,1,0,98.067,82585.351,1614743.848,0,226388,0.51265192,0
p10_offshorewind_class3_moderate_fixed_1_2,2,1,1,0,p10,OffShoreWind_Class3_Moderate_fixed_1,2,1,0,0,73503,0,0,0,0,0,0,1,Moderate,Class3,2026,2793055.479,306610,57621.3,1,0,115.834,80222.195,1568538.422,0,226388,0.471758097,0
p10_offshorewind_class3_moderate_fixed_0_1,2,1,1,0,p10,OffShoreWind_Class3_Moderate_fixed_0,1,1,0,0,73503,0,0,0,0,0,0,1,Moderate,Class3,2026,2793055.479,308973,57820.6,1,0,98.067,82585.351,1614743.848,0,226388,0.51265192,0
p10_offshorewind_class3_moderate_fixed_0_2,2,1,1,0,p10,OffShoreWind_Class3_Moderate_fixed_0,2,1,0,0,73503,0,0,0,0,0,0,1,Moderate,Class3,2026,2793055.479,306610,57621.3,1,0,115.834,80222.195,1568538.422,0,226388,0.471758097,0
p10_offshorewind_class12_moderate_floating_0_1,2,1,1,0,p10,OffShoreWind_Class12_Moderate_floating_0,1,1,0,0,64011,0,0,0,0,0,0,1,Moderate,Class12,2030,4415942.658,441521,57820.6,1,0,98.067,82585.351,1614743.848,0,358936,0.51265192,0
p10_offshorewind_class12_moderate_floating_0_2,2,1,1,0,p10,OffShoreWind_Class12_Moderate_floating_0,2,1,0,0,64011,0,0,0,0,0,0,1,Moderate,Class12,2030,4415942.658,439158,57621.3,1,0,115.834,80222.195,1568538.422,0,358936,0.471758097,0
p11_landbasedwind_class3_moderate_1,3,1,1,0,p11,LandbasedWind_Class3_Moderate_,1,1,0,0,27285,-11.16,0,0,0,0,0,1,Moderate,Class3,2026,1287757.682,183169,179.4,1.657,110.75,39.857,12148.693,241756.367,0.273,171021,0.484410554,0
p11_landbasedwind_class3_moderate_2,3,1,1,0,p11,LandbasedWind_Class3_Moderate_,2,1,0,0,27285,-11.16,0,0,0,0,0,1,Moderate,Class3,2026,1287757.682,184584,240.1,1.657,223.75,53.701,13563.364,269908.02,0.615,171021,0.344231516,0
p11_landbasedwind_class3_moderate_3,3,1,1,0,p11,LandbasedWind_Class3_Moderate_,3,1,0,0,27285,-11.16,0,0,0,0,0,1,Moderate,Class3,2026,1287757.682,195981,160,1.657,98.75,62.773,24960.84,496715.348,0.096,171021,0.332112312,0
p11_landbasedwind_class3_moderate_4,3,1,1,0,p11,LandbasedWind_Class3_Moderate_,4,1,0,0,27285,-11.16,0,0,0,0,0,1,Moderate,Class3,2026,1287757.682,195643,126.8,1.657,78.25,70.658,24622.954,489991.468,0.054,171021,0.294756591,0
p11_utilitypv_class1_moderate_1,3,1,1,0,p11,UtilityPV_Class1_Moderate_,1,1,0,0,18134,-10.64,0,0,0,0,0,1,Moderate,Class1,2026,1148162.788,98793,3277,1.059,728.918,27.216,7693.736,153103.693,7.03,91100,0.210812911,0
p11_utilitypv_class1_moderate_2,3,1,1,0,p11,UtilityPV_Class1_Moderate_,2,1,0,0,18134,-10.64,0,0,0,0,0,1,Moderate,Class1,2026,1148162.788,102990,3249.9,1.059,508.754,28.51,11890.746,236623.278,3.457,91100,0.228451282,0
p11_utilitypv_class1_moderate_3,3,1,1,0,p11,UtilityPV_Class1_Moderate_,3,1,0,0,18134,-10.64,0,0,0,0,0,1,Moderate,Class1,2026,1148162.788,105805,3203.6,1.059,448.672,29.291,14705.974,292645.707,2.727,91100,0.238594338,0
p11_utilitypv_class1_moderate_4,3,1,1,0,p11,UtilityPV_Class1_Moderate_,4,1,0,0,18134,-10.64,0,0,0,0,0,1,Moderate,Class1,2026,1148162.788,114989,3238.9,1.059,449.078,32.403,23889.211,475390.155,2.654,91100,0.280990392,0
p11_offshorewind_class3_moderate_fixed_1_1,3,1,1,0,p11,OffShoreWind_Class3_Moderate_fixed_1,1,1,0,0,73503,0,0,0,0,0,0,1,Moderate,Class3,2026,2793055.479,314028,128,1,0,102.714,87640.762,1713589.5,0,226388,0.503625572,0
p11_offshorewind_class3_moderate_fixed_1_2,3,1,1,0,p11,OffShoreWind_Class3_Moderate_fixed_1,2,1,0,0,73503,0,0,0,0,0,0,1,Moderate,Class3,2026,2793055.479,314207,128,1,0,102.75,87819.317,1717080.6,0,226388,0.506495714,0
p11_offshorewind_class3_moderate_fixed_0_1,3,1,1,0,p11,OffShoreWind_Class3_Moderate_fixed_0,1,1,0,0,73503,0,0,0,0,0,0,1,Moderate,Class3,2026,2793055.479,314028,128,1,0,102.714,87640.762,1713589.5,0,226388,0.503625572,0
p11_offshorewind_class3_moderate_fixed_0_2,3,1,1,0,p11,OffShoreWind_Class3_Moderate_fixed_0,2,1,0,0,73503,0,0,0,0,0,0,1,Moderate,Class3,2026,2793055.479,314207,128,1,0,102.75,87819.317,1717080.6,0,226388,0.506495714,0
p11_offshorewind_class12_moderate_floating_0_1,3,1,1,0,p11,OffShoreWind_Class12_Moderate_floating_0,1,1,0,0,64011,0,0,0,0,0,0,1,Moderate,Class12,2030,4415942.658,446576,128,1,0,102.714,87640.762,1713589.5,0,358936,0.503625572,0
p11_offshorewind_class12_moderate_floating_0_2,3,1,1,0,p11,OffShoreWind_Class12_Moderate_floating_0,2,1,0,0,64011,0,0,0,0,0,0,1,Moderate,Class12,2030,4415942.658,446755,128,1,0,102.75,87819.317,1717080.6,0,358936,0.506495714,0
p12_landbasedwind_class3_moderate_1,4,1,1,0,p12,LandbasedWind_Class3_Moderate_,1,1,0,0,27285,-11.16,0,0,0,0,0,1,Moderate,Class3,2026,1287757.682,125939,19623.5,0.955,12486.75,46.488,27318.883,543639.883,0.041,98621,0.344768971,0
p12_landbasedwind_class3_moderate_2,4,1,1,0,p12,LandbasedWind_Class3_Moderate_,2,1,0,0,27285,-11.16,0,0,0,0,0,1,Moderate,Class3,2026,1287757.682,127516,19652.7,0.955,12378.25,55.844,28895.536,575014.922,0.046,98621,0.292997628,0
p12_landbasedwind_class3_moderate_3,4,1,1,0,p12,LandbasedWind_Class3_Moderate_,3,1,0,0,27285,-11.16,0,0,0,0,0,1,Moderate,Class3,2026,1287757.682,125040,19490.2,0.955,12269.25,62.998,26419.418,525740.711,0.053,98621,0.250612617,0
p12_landbasedwind_class3_moderate_4,4,1,1,0,p12,LandbasedWind_Class3_Moderate_,4,1,0,0,27285,-11.16,0,0,0,0,0,1,Moderate,Class3,2026,1287757.682,124695,19549.9,0.955,12564.75,70.76,26074.58,518878.508,0.099,98621,0.225063935,0
p12_utilitypv_class1_moderate_1,4,1,1,0,p12,UtilityPV_Class1_Moderate_,1,1,0,0,18134,-10.64,0,0,0,0,0,1,Moderate,Class1,2026,1148162.788,99771,186701.6,0.986,21559.614,28.543,14942.705,297356.61,0.476,84829,0.283976197,0
p12_utilitypv_class1_moderate_2,4,1,1,0,p12,UtilityPV_Class1_Moderate_,2,1,0,0,18134,-10.64,0,0,0,0,0,1,Moderate,Class1,2026,1148162.788,109303,186655.1,0.986,20851.497,32.329,24474.425,487035.77,0.128,84829,0.279342949,0
p12_utilitypv_class1_moderate_3,4,1,1,0,p12,UtilityPV_Class1_Moderate_,3,1,0,0,18134,-10.64,0,0,0,0,0,1,Moderate,Class1,2026,1148162.788,113495,186702.2,0.986,20830.768,34.331,28666.936,570465.84,0.111,84829,0.269269764,0
p12_utilitypv_class1_moderate_4,4,1,1,0,p12,UtilityPV_Class1_Moderate_,4,1,0,0,18134,-10.64,0,0,0,0,0,1,Moderate,Class1,2026,1148162.788,123494,186531,0.986,20768.377,38.195,38665.783,769440.726,0.06,84829,0.275958419,0
p13_landbasedwind_class3_moderate_1,5,1,1,0,p13,LandbasedWind_Class3_Moderate_,1,1,0,0,27285,-11.16,0,0,0,0,0,1,Moderate,Class3,2026,1287757.682,123968,12064,0.955,7777,40.042,25347.999,504419.707,0.064,98621,0.391060919,0
p13_landbasedwind_class3_moderate_2,5,1,1,0,p13,LandbasedWind_Class3_Moderate_,2,1,0,0,27285,-11.16,0,0,0,0,0,1,Moderate,Class3,2026,1287757.682,126933,11989.1,0.955,7946.5,48.159,28312.871,563420.023,0.112,98621,0.33191812,0
p13_landbasedwind_class3_moderate_3,5,1,1,0,p13,LandbasedWind_Class3_Moderate_,3,1,0,0,27285,-11.16,0,0,0,0,0,1,Moderate,Class3,2026,1287757.682,129477,11980.3,0.955,7658.75,55.151,30856.225,614032.211,0.062,98621,0.289064556,0
p13_landbasedwind_class3_moderate_4,5,1,1,0,p13,LandbasedWind_Class3_Moderate_,4,1,0,0,27285,-11.16,0,0,0,0,0,1,Moderate,Class3,2026,1287757.682,129894,11999.5,0.955,8057.5,66.678,31273.931,622344.462,0.143,98621,0.247428417,0
p13_utilitypv_class1_moderate_1,5,1,1,0,p13,UtilityPV_Class1_Moderate_,1,1,0,0,18134,-10.64,0,0,0,0,0,1,Moderate,Class1,2026,1148162.788,102745,154482.7,0.986,17370.865,28.917,17916.232,356529.145,0.186,84829,0.284013331,0
p13_utilitypv_class1_moderate_2,5,1,1,0,p13,UtilityPV_Class1_Moderate_,2,1,0,0,18134,-10.64,0,0,0,0,0,1,Moderate,Class1,2026,1148162.788,112538,154336.3,0.986,17444.506,32.68,27709.931,551421.637,0.233,84829,0.290917039,0
p13_utilitypv_class1_moderate_3,5,1,1,0,p13,UtilityPV_Class1_Moderate_,3,1,0,0,18134,-10.64,0,0,0,0,0,1,Moderate,Class1,2026,1148162.788,116263,154402.9,0.986,17436.898,34.432,31434.418,625538.136,0.263,84829,0.287125647,0
p13_utilitypv_class1_moderate_4,5,1,1,0,p13,UtilityPV_Class1_Moderate_,4,1,0,0,18134,-10.64,0,0,0,0,0,1,Moderate,Class1,2026,1148162.788,124777,154405.2,0.986,17396.426,38.18,39948.049,794957.536,0.225,84829,0.288875967,0
p14_landbasedwind_class3_moderate_1,6,1,1,0,p14,LandbasedWind_Class3_Moderate_,1,1,0,0,27285,-11.16,0,0,0,0,0,1,Moderate,Class3,2026,1287757.682,145069,1532.5,1.266,1495.75,42.072,14357.808,285717.291,0.74,130712,0.392739326,0
p14_landbasedwind_class3_moderate_2,6,1,1,0,p14,LandbasedWind_Class3_Moderate_,2,1,0,0,27285,-11.16,0,0,0,0,0,1,Moderate,Class3,2026,1287757.682,153549,1560.2,1.266,1467,52.854,22837.3,454457.09,0.73,130712,0.324073434,0
p14_landbasedwind_class3_moderate_3,6,1,1,0,p14,LandbasedWind_Class3_Moderate_,3,1,0,0,27285,-11.16,0,0,0,0,0,1,Moderate,Class3,2026,1287757.682,157098,1502.5,1.266,1277.25,60.187,26386.94,525094.401,0.652,130712,0.292005181,0
p14_landbasedwind_class3_moderate_4,6,1,1,0,p14,LandbasedWind_Class3_Moderate_,4,1,0,0,27285,-11.16,0,0,0,0,0,1,Moderate,Class3,2026,1287757.682,157535,1496.3,1.266,1314,68.627,26823.84,533787.442,0.513,130712,0.250865102,0
p14_utilitypv_class1_moderate_1,6,1,1,0,p14,UtilityPV_Class1_Moderate_,1,1,0,0,18134,-10.64,0,0,0,0,0,1,Moderate,Class1,2026,1148162.788,95319,19475.2,0.989,2861.556,33.553,10167.459,202330.237,3.425,85152,0.194196284,0
p14_utilitypv_class1_moderate_2,6,1,1,0,p14,UtilityPV_Class1_Moderate_,2,1,0,0,18134,-10.64,0,0,0,0,0,1,Moderate,Class1,2026,1148162.788,105208,19534.9,0.989,2314.149,37.178,20056.694,399123.878,1.372,85152,0.219019607,0
p14_utilitypv_class1_moderate_3,6,1,1,0,p14,UtilityPV_Class1_Moderate_,3,1,0,0,18134,-10.64,0,0,0,0,0,1,Moderate,Class1,2026,1148162.788,111573,19413.7,0.989,2314.581,39.727,26421.278,525777.727,1.463,85152,0.237175137,0
p14_utilitypv_class1_moderate_4,6,1,1,0,p14,UtilityPV_Class1_Moderate_,4,1,0,0,18134,-10.64,0,0,0,0,0,1,Moderate,Class1,2026,1148162.788,116723,19393.9,0.989,2214.647,41.726,31571.571,628265.677,0.998,85152,0.280605316,0
p15_landbasedwind_class3_moderate_1,7,1,1,0,p15,LandbasedWind_Class3_Moderate_,1,1,0,0,27285,-11.16,0,0,0,0,0,1,Moderate,Class3,2026,1287757.682,120348,15035.9,0.955,10934.25,40.278,21727.48,432381.806,0.183,98621,0.37218824,0
p15_landbasedwind_class3_moderate_2,7,1,1,0,p15,LandbasedWind_Class3_Moderate_,2,1,0,0,27285,-11.16,0,0,0,0,0,1,Moderate,Class3,2026,1287757.682,126957,15009.4,0.955,9833.75,50.478,28336.119,563907.796,0.09,98621,0.310614318,0
p15_landbasedwind_class3_moderate_3,7,1,1,0,p15,LandbasedWind_Class3_Moderate_,3,1,0,0,27285,-11.16,0,0,0,0,0,1,Moderate,Class3,2026,1287757.682,130528,15014.6,0.955,9475.75,58.691,31907.157,634974.356,0.052,98621,0.27681613,0
p15_landbasedwind_class3_moderate_4,7,1,1,0,p15,LandbasedWind_Class3_Moderate_,4,1,0,0,27285,-11.16,0,0,0,0,0,1,Moderate,Class3,2026,1287757.682,132879,14950.3,0.955,9362,68.589,34258.8,681770.827,0.091,98621,0.239943743,0
p15_utilitypv_class1_moderate_1,7,1,1,0,p15,UtilityPV_Class1_Moderate_,1,1,0,0,18134,-10.64,0,0,0,0,0,1,Moderate,Class1,2026,1148162.788,98369,128367.8,0.986,15300.799,30.326,13540.849,269459.983,0.788,84829,0.270954072,0
p15_utilitypv_class1_moderate_2,7,1,1,0,p15,UtilityPV_Class1_Moderate_,2,1,0,0,18134,-10.64,0,0,0,0,0,1,Moderate,Class1,2026,1148162.788,108016,128278.7,0.986,14808.147,33.641,23187.496,461428.705,0.446,84829,0.27383101,0
p15_utilitypv_class1_moderate_3,7,1,1,0,p15,UtilityPV_Class1_Moderate_,3,1,0,0,18134,-10.64,0,0,0,0,0,1,Moderate,Class1,2026,1148162.788,116928,128262.6,0.986,14334.44,36.254,32099.654,638807.026,0.118,84829,0.285360396,0
p15_utilitypv_class1_moderate_4,7,1,1,0,p15,UtilityPV_Class1_Moderate_,4,1,0,0,18134,-10.64,0,0,0,0,0,1,Moderate,Class1,2026,1148162.788,126850,128271.3,0.986,14337.635,39.803,42021.062,836238.901,0.086,84829,0.281257749,0
p16_landbasedwind_class3_moderate_1,8,1,1,0,p16,LandbasedWind_Class3_Moderate_,1,1,0,0,27285,-11.16,0,0,0,0,0,1,Moderate,Class3,2026,1287757.682,109977,15836.2,0.955,11104.5,36.131,11356.595,225993.787,0.209,98621,0.383061945,0
p16_landbasedwind_class3_moderate_2,8,1,1,0,p16,LandbasedWind_Class3_Moderate_,2,1,0,0,27285,-11.16,0,0,0,0,0,1,Moderate,Class3,2026,1287757.682,113902,15851.8,0.955,11050.75,45.049,15281.833,304105.187,0.259,98621,0.322770268,0
p16_landbasedwind_class3_moderate_3,8,1,1,0,p16,LandbasedWind_Class3_Moderate_,3,1,0,0,27285,-11.16,0,0,0,0,0,1,Moderate,Class3,2026,1287757.682,115831,15759.9,0.955,10734,54.976,17210.496,342485.145,0.192,98621,0.269745529,0
p16_landbasedwind_class3_moderate_4,8,1,1,0,p16,LandbasedWind_Class3_Moderate_,4,1,0,0,27285,-11.16,0,0,0,0,0,1,Moderate,Class3,2026,1287757.682,118257,15784.9,0.955,10955.75,67.301,19636.089,390753.928,0.26,98621,0.227382228,0
p16_utilitypv_class1_moderate_1,8,1,1,0,p16,UtilityPV_Class1_Moderate_,1,1,0,0,18134,-10.64,0,0,0,0,0,1,Moderate,Class1,2026,1148162.788,91797,128202.8,0.986,15035.156,28.038,6968.674,138675.1,0.595,84829,0.292002678,0
p16_utilitypv_class1_moderate_2,8,1,1,0,p16,UtilityPV_Class1_Moderate_,2,1,0,0,18134,-10.64,0,0,0,0,0,1,Moderate,Class1,2026,1148162.788,97971,128197.3,0.986,14491.604,30.556,13142.341,261529.755,0.466,84829,0.288382798,0
p16_utilitypv_class1_moderate_3,8,1,1,0,p16,UtilityPV_Class1_Moderate_,3,1,0,0,18134,-10.64,0,0,0,0,0,1,Moderate,Class1,2026,1148162.788,104329,128175.7,0.986,14905.115,32.84,19500.09,388047.592,0.678,84829,0.283107251,0
p16_utilitypv_class1_moderate_4,8,1,1,0,p16,UtilityPV_Class1_Moderate_,4,1,0,0,18134,-10.64,0,0,0,0,0,1,Moderate,Class1,2026,1148162.788,110296,128133.3,0.986,14634.823,35.817,25467.715,506802.022,0.53,84829,0.285315484,0
p17_landbasedwind_class3_moderate_1,9,1,1,0,p17,LandbasedWind_Class3_Moderate_,1,1,0,0,27285,-11.16,0,0,0,0,0,1,Moderate,Class3,2026,1287757.682,148004,3100.9,1.266,2039.75,36.795,17292.142,344109.897,0.161,130712,0.465213776,0
p17_landbasedwind_class3_moderate_2,9,1,1,0,p17,LandbasedWind_Class3_Moderate_,2,1,0,0,27285,-11.16,0,0,0,0,0,1,Moderate,Class3,2026,1287757.682,149671,2972.7,1.266,2025.75,47.715,18959.407,377288.112,0.263,130712,0.356912702,0
p17_landbasedwind_class3_moderate_3,9,1,1,0,p17,LandbasedWind_Class3_Moderate_,3,1,0,0,27285,-11.16,0,0,0,0,0,1,Moderate,Class3,2026,1287757.682,146846,3090.6,1.266,2434.5,56.628,16134.796,321078.949,0.469,130712,0.296637505,0
p17_landbasedwind_class3_moderate_4,9,1,1,0,p17,LandbasedWind_Class3_Moderate_,4,1,0,0,27285,-11.16,0,0,0,0,0,1,Moderate,Class3,2026,1287757.682,150098,2982.7,1.266,2512.25,68.263,19386.687,385790.882,0.56,130712,0.24906458,0
p17_utilitypv_class1_moderate_1,9,1,1,0,p17,UtilityPV_Class1_Moderate_,1,1,0,0,18134,-10.64,0,0,0,0,0,1,Moderate,Class1,2026,1148162.788,95120,21876.5,0.989,3078.458,31.699,9968.748,198375.933,2.44,85152,0.278620899,0
p17_utilitypv_class1_moderate_2,9,1,1,0,p17,UtilityPV_Class1_Moderate_,2,1,0,0,18134,-10.64,0,0,0,0,0,1,Moderate,Class1,2026,1148162.788,100133,21916.7,0.989,2598.711,33.687,14981.234,298123.332,1.153,85152,0.280270308,0
p17_utilitypv_class1_moderate_3,9,1,1,0,p17,UtilityPV_Class1_Moderate_,3,1,0,0,18134,-10.64,0,0,0,0,0,1,Moderate,Class1,2026,1148162.788,102615,21764.2,0.989,2615.065,35.499,17463.309,347516.075,1.352,85152,0.279399335,0
p17_utilitypv_class1_moderate_4,9,1,1,0,p17,UtilityPV_Class1_Moderate_,4,1,0,0,18134,-10.64,0,0,0,0,0,1,Moderate,Class1,2026,1148162.788,113321,21803.7,0.989,2947.386,40.568,28169.084,560558.698,2.099,85152,0.279199243,0
p18_landbasedwind_class3_moderate_1,10,1,1,0,p18,LandbasedWind_Class3_Moderate_,1,1,0,0,27285,-11.16,0,0,0,0,0,1,Moderate,Class3,2026,1287757.682,142946,23685.6,1.266,14881,31.908,12234.649,243466.879,0.163,130712,0.516672075,0
p18_landbasedwind_class3_moderate_2,10,1,1,0,p18,LandbasedWind_Class3_Moderate_,2,1,0,0,27285,-11.16,0,0,0,0,0,1,Moderate,Class3,2026,1287757.682,143726,23688.9,1.266,14973.25,35.14,13014.279,258981.348,0.17,130712,0.469771326,0
p18_landbasedwind_class3_moderate_3,10,1,1,0,p18,LandbasedWind_Class3_Moderate_,3,1,0,0,27285,-11.16,0,0,0,0,0,1,Moderate,Class3,2026,1287757.682,143729,23683.4,1.266,14862.75,37.754,13017.738,259050.168,0.182,130712,0.436834425,0
p18_landbasedwind_class3_moderate_4,10,1,1,0,p18,LandbasedWind_Class3_Moderate_,4,1,0,0,27285,-11.16,0,0,0,0,0,1,Moderate,Class3,2026,1287757.682,146526,23611.1,1.266,15233.25,47.012,15814.956,314714.214,0.219,130712,0.363099813,0
p18_utilitypv_class1_moderate_1,10,1,1,0,p18,UtilityPV_Class1_Moderate_,1,1,0,0,18134,-10.64,0,0,0,0,0,1,Moderate,Class1,2026,1148162.788,91554,143730.9,0.989,16084.742,30.611,6402.756,127413.47,0.334,85152,0.245576516,0
p18_utilitypv_class1_moderate_2,10,1,1,0,p18,UtilityPV_Class1_Moderate_,2,1,0,0,18134,-10.64,0,0,0,0,0,1,Moderate,Class1,2026,1148162.788,96666,143616.8,0.989,15968.021,32.482,11514.58,229137.661,0.204,85152,0.261015117,0
p18_utilitypv_class1_moderate_3,10,1,1,0,p18,UtilityPV_Class1_Moderate_,3,1,0,0,18134,-10.64,0,0,0,0,0,1,Moderate,Class1,2026,1148162.788,100820,143646.6,0.989,16028.742,34.017,15668.883,311807.384,0.224,85152,0.257030398,0
p18_utilitypv_class1_moderate_4,10,1,1,0,p18,UtilityPV_Class1_Moderate_,4,1,0,0,18134,-10.64,0,0,0,0,0,1,Moderate,Class1,2026,1148162.788,106995,143513.6,0.989,16183.887,36.354,21843.757,434686.049,0.334,85152,0.266013563,0
p19_landbasedwind_class3_moderate_1,11,1,1,0,p19,LandbasedWind_Class3_Moderate_,1,1,0,0,27285,-11.16,0,0,0,0,0,1,Moderate,Class3,2026,1287757.682,140196,18126.9,1.266,11205.75,26.619,9484.913,188747.715,0.097,130712,0.509388864,0
p19_landbasedwind_class3_moderate_2,11,1,1,0,p19,LandbasedWind_Class3_Moderate_,2,1,0,0,27285,-11.16,0,0,0,0,0,1,Moderate,Class3,2026,1287757.682,143028,18009.3,1.266,11158.5,29.287,12316.936,245104.36,0.094,130712,0.476182044,0
p19_landbasedwind_class3_moderate_3,11,1,1,0,p19,LandbasedWind_Class3_Moderate_,3,1,0,0,27285,-11.16,0,0,0,0,0,1,Moderate,Class3,2026,1287757.682,143933,18084.3,1.266,11188,32.556,13221.217,263099.367,0.111,130712,0.462688148,0
p19_landbasedwind_class3_moderate_4,11,1,1,0,p19,LandbasedWind_Class3_Moderate_,4,1,0,0,27285,-11.16,0,0,0,0,0,1,Moderate,Class3,2026,1287757.682,145451,18046.3,1.266,11290.5,37.031,14739.92,293321.221,0.098,130712,0.434997618,0
p19_utilitypv_class1_moderate_1,11,1,1,0,p19,UtilityPV_Class1_Moderate_,1,1,0,0,18134,-10.64,0,0,0,0,0,1,Moderate,Class1,2026,1148162.788,91154,110230.1,0.989,12259.27,29.055,6002.733,119453.088,0.111,85152,0.233039126,0
p19_utilitypv_class1_moderate_2,11,1,1,0,p19,UtilityPV_Class1_Moderate_,2,1,0,0,18134,-10.64,0,0,0,0,0,1,Moderate,Class1,2026,1148162.788,95627,110088.2,0.989,12236.763,31.085,10475.499,208460.168,0.106,85152,0.258485734,0
p19_utilitypv_class1_moderate_3,11,1,1,0,p19,UtilityPV_Class1_Moderate_,3,1,0,0,18134,-10.64,0,0,0,0,0,1,Moderate,Class1,2026,1148162.788,99333,110150.9,0.989,12246.17,32.59,14181.628,282211.328,0.134,85152,0.267949075,0
p19_utilitypv_class1_moderate_4,11,1,1,0,p19,UtilityPV_Class1_Moderate_,4,1,0,0,18134,-10.64,0,0,0,0,0,1,Moderate,Class1,2026,1148162.788,104050,110001.3,0.989,12223.82,34.752,18898.779,376081.634,0.13,85152,0.280234158,0
p2_landbasedwind_class3_moderate_1,12,1,1,0,p2,LandbasedWind_Class3_Moderate_,1,1,0,0,27285,-11.16,0,0,0,0,0,1,Moderate,Class3,2026,1287757.682,145332,11172.7,1.266,7873.75,39.417,14620.247,290939.755,0.272,130712,0.425420314,0
p2_landbasedwind_class3_moderate_2,12,1,1,0,p2,LandbasedWind_Class3_Moderate_,2,1,0,0,27285,-11.16,0,0,0,0,0,1,Moderate,Class3,2026,1287757.682,149371,11204,1.266,7597.5,47.342,18659.434,371318.716,0.243,130712,0.361164629,0
p2_landbasedwind_class3_moderate_3,12,1,1,0,p2,LandbasedWind_Class3_Moderate_,3,1,0,0,27285,-11.16,0,0,0,0,0,1,Moderate,Class3,2026,1287757.682,150202,11026.3,1.266,7798.75,55.666,19490.086,387848.499,0.278,130712,0.307248265,0
p2_landbasedwind_class3_moderate_4,12,1,1,0,p2,LandbasedWind_Class3_Moderate_,4,1,0,0,27285,-11.16,0,0,0,0,0,1,Moderate,Class3,2026,1287757.682,150112,11103.2,1.266,7986.75,66.15,19400.938,386074.488,0.322,130712,0.258772194,0
p2_utilitypv_class1_moderate_1,12,1,1,0,p2,UtilityPV_Class1_Moderate_,1,1,0,0,18134,-10.64,0,0,0,0,0,1,Moderate,Class1,2026,1148162.788,93807,91954.3,0.989,11374.597,30.091,8655.835,172249.243,1.214,85152,0.274000615,0
p2_utilitypv_class1_moderate_2,12,1,1,0,p2,UtilityPV_Class1_Moderate_,2,1,0,0,18134,-10.64,0,0,0,0,0,1,Moderate,Class1,2026,1148162.788,100328,91820.7,0.989,10955.425,33.264,15176.907,302017.171,1.126,85152,0.268021375,0
p2_utilitypv_class1_moderate_3,12,1,1,0,p2,UtilityPV_Class1_Moderate_,3,1,0,0,18134,-10.64,0,0,0,0,0,1,Moderate,Class1,2026,1148162.788,106930,91868.5,0.989,10916.216,35.083,21778.164,433380.755,0.868,85152,0.276303828,0
p2_utilitypv_class1_moderate_4,12,1,1,0,p2,UtilityPV_Class1_Moderate_,4,1,0,0,18134,-10.64,0,0,0,0,0,1,Moderate,Class1,2026,1148162.788,112993,91815.5,0.989,10419.156,37.793,27841.891,554047.625,0.575,85152,0.273346126,0
p20_landbasedwind_class3_moderate_1,13,1,1,0,p20,LandbasedWind_Class3_Moderate_,1,1,0,0,27285,-11.16,0,0,0,0,0,1,Moderate,Class3,2026,1287757.682,143815,18904.4,1.266,11898.5,34.334,13103.353,260753.89,0.128,130712,0.473234475,0
p20_landbasedwind_class3_moderate_2,13,1,1,0,p20,LandbasedWind_Class3_Moderate_,2,1,0,0,27285,-11.16,0,0,0,0,0,1,Moderate,Class3,2026,1287757.682,142539,18872.7,1.266,12048.5,38.361,11827.937,235373.394,0.115,130712,0.423683137,0
p20_landbasedwind_class3_moderate_3,13,1,1,0,p20,LandbasedWind_Class3_Moderate_,3,1,0,0,27285,-11.16,0,0,0,0,0,1,Moderate,Class3,2026,1287757.682,141945,18900.7,1.266,12379,42.547,11233.921,223552.598,0.185,130712,0.377244502,0
p20_landbasedwind_class3_moderate_4,13,1,1,0,p20,LandbasedWind_Class3_Moderate_,4,1,0,0,27285,-11.16,0,0,0,0,0,1,Moderate,Class3,2026,1287757.682,145325,18779.6,1.266,13142,54.966,14613.001,290795.56,0.331,130712,0.295519352,0
p20_utilitypv_class1_moderate_1,13,1,1,0,p20,UtilityPV_Class1_Moderate_,1,1,0,0,18134,-10.64,0,0,0,0,0,1,Moderate,Class1,2026,1148162.788,91532,132987.2,0.989,15106.284,29.684,6380.721,126974.974,0.444,85152,0.284186035,0
p20_utilitypv_class1_moderate_2,13,1,1,0,p20,UtilityPV_Class1_Moderate_,2,1,0,0,18134,-10.64,0,0,0,0,0,1,Moderate,Class1,2026,1148162.788,96216,132980.3,0.989,14889.713,31.317,11064.997,220191.048,0.311,85152,0.284408957,0
p20_utilitypv_class1_moderate_3,13,1,1,0,p20,UtilityPV_Class1_Moderate_,3,1,0,0,18134,-10.64,0,0,0,0,0,1,Moderate,Class1,2026,1148162.788,100913,133096.9,0.989,14918.376,32.822,15761.919,313658.788,0.257,85152,0.283839941,0
p20_utilitypv_class1_moderate_4,13,1,1,0,p20,UtilityPV_Class1_Moderate_,4,1,0,0,18134,-10.64,0,0,0,0,0,1,Moderate,Class1,2026,1148162.788,107887,132846.6,0.989,15034.615,35.189,22735.24,452426.359,0.369,85152,0.269271374,0
p21_landbasedwind_class3_moderate_1,14,1,1,0,p21,LandbasedWind_Class3_Moderate_,1,1,0,0,27285,-11.16,0,0,0,0,0,1,Moderate,Class3,2026,1287757.682,116502,12499.6,0.955,7981.75,29.787,17881.385,355835.697,0.076,98621,0.497101903,0
p21_landbasedwind_class3_moderate_2,14,1,1,0,p21,LandbasedWind_Class3_Moderate_,2,1,0,0,27285,-11.16,0,0,0,0,0,1,Moderate,Class3,2026,1287757.682,119355,12476.7,0.955,7806.5,40.931,20734.327,412608.628,0.083,98621,0.364270687,0
p21_landbasedwind_class3_moderate_3,14,1,1,0,p21,LandbasedWind_Class3_Moderate_,3,1,0,0,27285,-11.16,0,0,0,0,0,1,Moderate,Class3,2026,1287757.682,125521,12379.1,0.955,7757.25,54.085,26900.038,535305.157,0.073,98621,0.287442654,0
p21_landbasedwind_class3_moderate_4,14,1,1,0,p21,LandbasedWind_Class3_Moderate_,4,1,0,0,27285,-11.16,0,0,0,0,0,1,Moderate,Class3,2026,1287757.682,126819,12413.8,0.955,8215,68.343,28198.628,561146.762,0.148,98621,0.22884202,0
p21_utilitypv_class1_moderate_1,14,1,1,0,p21,UtilityPV_Class1_Moderate_,1,1,0,0,18134,-10.64,0,0,0,0,0,1,Moderate,Class1,2026,1148162.788,93359,166784.2,0.986,18668.531,27.852,8530.631,169757.709,0.107,84829,0.292481184,0
p21_utilitypv_class1_moderate_2,14,1,1,0,p21,UtilityPV_Class1_Moderate_,2,1,0,0,18134,-10.64,0,0,0,0,0,1,Moderate,Class1,2026,1148162.788,101176,166848.2,0.986,18630.136,30.71,16347.657,325314.838,0.119,84829,0.274418592,0
p21_utilitypv_class1_moderate_3,14,1,1,0,p21,UtilityPV_Class1_Moderate_,3,1,0,0,18134,-10.64,0,0,0,0,0,1,Moderate,Class1,2026,1148162.788,107471,166709.5,0.986,18715.715,32.936,22642.759,450586.008,0.24,84829,0.28055945,0
p21_utilitypv_class1_moderate_4,14,1,1,0,p21,UtilityPV_Class1_Moderate_,4,1,0,0,18134,-10.64,0,0,0,0,0,1,Moderate,Class1,2026,1148162.788,115202,166665.8,0.986,18753.8,35.677,30373.135,604419.326,0.282,84829,0.283837944,0
p22_landbasedwind_class3_moderate_1,15,1,1,0,p22,LandbasedWind_Class3_Moderate_,1,1,0,0,27285,-11.16,0,0,0,0,0,1,Moderate,Class3,2026,1287757.682,117200,7097.6,0.955,4430.25,32.635,18579.843,369734.871,0.063,98621,0.458176166,0
p22_landbasedwind_class3_moderate_2,15,1,1,0,p22,LandbasedWind_Class3_Moderate_,2,1,0,0,27285,-11.16,0,0,0,0,0,1,Moderate,Class3,2026,1287757.682,108102,7032.5,0.955,4492.25,40.301,9481.54,188680.591,0.177,98621,0.35674426,0
p22_landbasedwind_class3_moderate_3,15,1,1,0,p22,LandbasedWind_Class3_Moderate_,3,1,0,0,27285,-11.16,0,0,0,0,0,1,Moderate,Class3,2026,1287757.682,109136,7117.4,0.955,4463.75,46.946,10515.798,209262.106,0.145,98621,0.312174529,0
p22_landbasedwind_class3_moderate_4,15,1,1,0,p22,LandbasedWind_Class3_Moderate_,4,1,0,0,27285,-11.16,0,0,0,0,0,1,Moderate,Class3,2026,1287757.682,109304,6982.7,0.955,4542.75,58.323,10683.868,212606.671,0.258,98621,0.258962005,0
p22_utilitypv_class1_moderate_1,15,1,1,0,p22,UtilityPV_Class1_Moderate_,1,1,0,0,18134,-10.64,0,0,0,0,0,1,Moderate,Class1,2026,1148162.788,89977,52689.5,0.977,5930.641,28.627,5924.884,117903.907,0.441,84053,0.262224078,0
p22_utilitypv_class1_moderate_2,15,1,1,0,p22,UtilityPV_Class1_Moderate_,2,1,0,0,18134,-10.64,0,0,0,0,0,1,Moderate,Class1,2026,1148162.788,94687,52515.5,0.977,5839.288,30.078,10634.746,211629.147,0.146,84053,0.23712796,0
p22_utilitypv_class1_moderate_3,15,1,1,0,p22,UtilityPV_Class1_Moderate_,3,1,0,0,18134,-10.64,0,0,0,0,0,1,Moderate,Class1,2026,1148162.788,101548,52663.5,0.977,5880.27,32.199,17495.033,348147.376,0.153,84053,0.272498786,0
p22_utilitypv_class1_moderate_4,15,1,1,0,p22,UtilityPV_Class1_Moderate_,4,1,0,0,18134,-10.64,0,0,0,0,0,1,Moderate,Class1,2026,1148162.788,109035,52491,0.977,5832.337,34.436,24982.617,497148.679,0.026,84053,0.280332267,0
p23_landbasedwind_class3_moderate_1,16,1,1,0,p23,LandbasedWind_Class3_Moderate_,1,1,0,0,27285,-11.16,0,0,0,0,0,1,Moderate,Class3,2026,1287757.682,111593,17082,0.955,11101,26.996,12972.033,258140.663,0.167,98621,0.520419836,0
p23_landbasedwind_class3_moderate_2,16,1,1,0,p23,LandbasedWind_Class3_Moderate_,2,1,0,0,27285,-11.16,0,0,0,0,0,1,Moderate,Class3,2026,1287757.682,112206,17003.8,0.955,10923,29.444,13585.327,270345.08,0.171,98621,0.477597803,0
p23_landbasedwind_class3_moderate_3,16,1,1,0,p23,LandbasedWind_Class3_Moderate_,3,1,0,0,27285,-11.16,0,0,0,0,0,1,Moderate,Class3,2026,1287757.682,110914,17054.2,0.955,10782.75,32.794,12293.64,244640.784,0.171,98621,0.422738642,0
p23_landbasedwind_class3_moderate_4,16,1,1,0,p23,LandbasedWind_Class3_Moderate_,4,1,0,0,27285,-11.16,0,0,0,0,0,1,Moderate,Class3,2026,1287757.682,115018,17026,0.955,10738.5,43.598,16397.282,326302.368,0.146,98621,0.337994397,0
p23_utilitypv_class1_moderate_1,16,1,1,0,p23,UtilityPV_Class1_Moderate_,1,1,0,0,18134,-10.64,0,0,0,0,0,1,Moderate,Class1,2026,1148162.788,90873,130062.9,0.977,14543.512,27.847,6820.567,135727.807,0.385,84053,0.267762214,0
p23_utilitypv_class1_moderate_2,16,1,1,0,p23,UtilityPV_Class1_Moderate_,2,1,0,0,18134,-10.64,0,0,0,0,0,1,Moderate,Class1,2026,1148162.788,96312,130041.4,0.977,14479.923,29.899,12259.861,243968.581,0.163,84053,0.241066217,0
p23_utilitypv_class1_moderate_3,16,1,1,0,p23,UtilityPV_Class1_Moderate_,3,1,0,0,18134,-10.64,0,0,0,0,0,1,Moderate,Class1,2026,1148162.788,101240,130108.1,0.977,14492.484,31.512,17187.707,342031.669,0.097,84053,0.238480836,0
p23_utilitypv_class1_moderate_4,16,1,1,0,p23,UtilityPV_Class1_Moderate_,4,1,0,0,18134,-10.64,0,0,0,0,0,1,Moderate,Class1,2026,1148162.788,107518,129904.5,0.977,14489.267,33.91,23465.269,466953.787,0.12,84053,0.278181076,0
p24_landbasedwind_class3_moderate_1,17,1,1,0,p24,LandbasedWind_Class3_Moderate_,1,1,0,0,27285,-11.16,0,0,0,0,0,1,Moderate,Class3,2026,1287757.682,107452,16932.3,0.955,10979,24.541,8831.606,175747.056,0.193,98621,0.556360245,0
p24_landbasedwind_class3_moderate_2,17,1,1,0,p24,LandbasedWind_Class3_Moderate_,2,1,0,0,27285,-11.16,0,0,0,0,0,1,Moderate,Class3,2026,1287757.682,114415,16959.2,0.955,11078.5,28.759,15794.43,314305.74,0.179,98621,0.500312209,0
p24_landbasedwind_class3_moderate_3,17,1,1,0,p24,LandbasedWind_Class3_Moderate_,3,1,0,0,27285,-11.16,0,0,0,0,0,1,Moderate,Class3,2026,1287757.682,118235,16897,0.955,10926.25,31.236,19614.663,390327.568,0.143,98621,0.473502249,0
p24_landbasedwind_class3_moderate_4,17,1,1,0,p24,LandbasedWind_Class3_Moderate_,4,1,0,0,27285,-11.16,0,0,0,0,0,1,Moderate,Class3,2026,1287757.682,115569,16899.1,0.955,11447,39.863,16948.596,337273.404,0.196,98621,0.371381313,0
p24_utilitypv_class1_moderate_1,17,1,1,0,p24,UtilityPV_Class1_Moderate_,1,1,0,0,18134,-10.64,0,0,0,0,0,1,Moderate,Class1,2026,1148162.788,89770,114656.4,0.977,13071.534,27.237,5717.538,113777.764,0.523,84053,0.267756015,0
p24_utilitypv_class1_moderate_2,17,1,1,0,p24,UtilityPV_Class1_Moderate_,2,1,0,0,18134,-10.64,0,0,0,0,0,1,Moderate,Class1,2026,1148162.788,97066,114507,0.977,12888.81,29.584,13013.779,258971.39,0.314,84053,0.279741734,0
p24_utilitypv_class1_moderate_3,17,1,1,0,p24,UtilityPV_Class1_Moderate_,3,1,0,0,18134,-10.64,0,0,0,0,0,1,Moderate,Class1,2026,1148162.788,102639,114508,0.977,12779.328,31.262,18586.918,369875.659,0.216,84053,0.242323861,0
p24_utilitypv_class1_moderate_4,17,1,1,0,p24,UtilityPV_Class1_Moderate_,4,1,0,0,18134,-10.64,0,0,0,0,0,1,Moderate,Class1,2026,1148162.788,109542,114508.7,0.977,12890.734,34.115,25489.404,507233.642,0.322,84053,0.258341223,0
p25_landbasedwind_class3_moderate_1,18,1,1,0,p25,LandbasedWind_Class3_Moderate_,1,1,0,0,27285,-11.16,0,0,0,0,0,1,Moderate,Class3,2026,1287757.682,123579,7957.1,0.955,5220.5,38.927,24958.836,496679.89,0.081,98621,0.398944885,0
p25_landbasedwind_class3_moderate_2,18,1,1,0,p25,LandbasedWind_Class3_Moderate_,2,1,0,0,27285,-11.16,0,0,0,0,0,1,Moderate,Class3,2026,1287757.682,126022,7884.5,0.955,5060.25,50.666,27401.116,545281.707,0.06,98621,0.306369573,0
p25_landbasedwind_class3_moderate_3,18,1,1,0,p25,LandbasedWind_Class3_Moderate_,3,1,0,0,27285,-11.16,0,0,0,0,0,1,Moderate,Class3,2026,1287757.682,125980,7975.9,0.955,5404,58.772,27359.86,544459.328,0.156,98621,0.262690961,0
p25_landbasedwind_class3_moderate_4,18,1,1,0,p25,LandbasedWind_Class3_Moderate_,4,1,0,0,27285,-11.16,0,0,0,0,0,1,Moderate,Class3,2026,1287757.682,131196,7814.2,0.955,5429.75,67.693,32575.88,648257.684,0.187,98621,0.238130301,0
p25_utilitypv_class1_moderate_1,18,1,1,0,p25,UtilityPV_Class1_Moderate_,1,1,0,0,18134,-10.64,0,0,0,0,0,1,Moderate,Class1,2026,1148162.788,98544,73923,0.986,8861.84,29.782,13715.207,272929.652,0.707,84829,0.29098323,0
p25_utilitypv_class1_moderate_2,18,1,1,0,p25,UtilityPV_Class1_Moderate_,2,1,0,0,18134,-10.64,0,0,0,0,0,1,Moderate,Class1,2026,1148162.788,105689,73891.3,0.986,8419.096,32.363,20860.156,415112.609,0.454,84829,0.279525191,0
p25_utilitypv_class1_moderate_3,18,1,1,0,p25,UtilityPV_Class1_Moderate_,3,1,0,0,18134,-10.64,0,0,0,0,0,1,Moderate,Class1,2026,1148162.788,112796,73963.1,0.986,8420.949,34.421,27967.78,556557.712,0.387,84829,0.271486849,0
p25_utilitypv_class1_moderate_4,18,1,1,0,p25,UtilityPV_Class1_Moderate_,4,1,0,0,18134,-10.64,0,0,0,0,0,1,Moderate,Class1,2026,1148162.788,126448,73808.6,0.986,8246.982,38.987,41619.519,828229.762,0.12,84829,0.262269735,0
p26_landbasedwind_class3_moderate_1,19,1,1,0,p26,LandbasedWind_Class3_Moderate_,1,1,0,0,27285,-11.16,0,0,0,0,0,1,Moderate,Class3,2026,1287757.682,112058,1609.5,0.955,999,33.594,13437.487,267403.091,0.09,98621,0.418483615,0
p26_landbasedwind_class3_moderate_2,19,1,1,0,p26,LandbasedWind_Class3_Moderate_,2,1,0,0,27285,-11.16,0,0,0,0,0,1,Moderate,Class3,2026,1287757.682,120471,1494,0.955,1143.75,41.518,21850.49,434820.026,0.276,98621,0.357947022,0
p26_landbasedwind_class3_moderate_3,19,1,1,0,p26,LandbasedWind_Class3_Moderate_,3,1,0,0,27285,-11.16,0,0,0,0,0,1,Moderate,Class3,2026,1287757.682,120552,1566.4,0.955,1084.75,47.525,21931.261,436427.368,0.238,98621,0.312455803,0
p26_landbasedwind_class3_moderate_4,19,1,1,0,p26,LandbasedWind_Class3_Moderate_,4,1,0,0,27285,-11.16,0,0,0,0,0,1,Moderate,Class3,2026,1287757.682,128218,1447.7,0.955,1130,59.01,29597.612,588986.09,0.3,98621,0.271251202,0
p26_utilitypv_class1_moderate_1,19,1,1,0,p26,UtilityPV_Class1_Moderate_,1,1,0,0,18134,-10.64,0,0,0,0,0,1,Moderate,Class1,2026,1148162.788,93711,9091.1,0.986,1218.989,28.55,8882.881,176767.421,1.675,84829,0.244787753,0
p26_utilitypv_class1_moderate_2,19,1,1,0,p26,UtilityPV_Class1_Moderate_,2,1,0,0,18134,-10.64,0,0,0,0,0,1,Moderate,Class1,2026,1148162.788,100182,9041.1,0.986,1013.974,31.002,15353.548,305532.284,0.384,84829,0.201664716,0
p26_utilitypv_class1_moderate_3,19,1,1,0,p26,UtilityPV_Class1_Moderate_,3,1,0,0,18134,-10.64,0,0,0,0,0,1,Moderate,Class1,2026,1148162.788,112522,8998.3,0.986,999.81,34.826,27693.084,551086.382,0.05,84829,0.273488253,0
p26_utilitypv_class1_moderate_4,19,1,1,0,p26,UtilityPV_Class1_Moderate_,4,1,0,0,18134,-10.64,0,0,0,0,0,1,Moderate,Class1,2026,1148162.788,134150,8980.7,0.986,997.852,41.357,49321.8,981493.178,0.003,84829,0.295615107,0
p27_landbasedwind_class3_moderate_1,20,1,1,0,p27,LandbasedWind_Class3_Moderate_,1,1,0,0,27285,-11.16,0,0,0,0,0,1,Moderate,Class3,2026,1287757.682,113107,11652.1,0.955,7534.75,37.109,14486.959,288287.36,0.129,98621,0.378000706,0
p27_landbasedwind_class3_moderate_2,20,1,1,0,p27,LandbasedWind_Class3_Moderate_,2,1,0,0,27285,-11.16,0,0,0,0,0,1,Moderate,Class3,2026,1287757.682,115586,11622.2,0.955,7595.25,45.243,16965.019,337600.222,0.122,98621,0.317526519,0
p27_landbasedwind_class3_moderate_3,20,1,1,0,p27,LandbasedWind_Class3_Moderate_,3,1,0,0,27285,-11.16,0,0,0,0,0,1,Moderate,Class3,2026,1287757.682,115762,11676.7,0.955,7527.25,53.742,17141.819,341118.504,0.103,98621,0.266362071,0
p27_landbasedwind_class3_moderate_4,20,1,1,0,p27,LandbasedWind_Class3_Moderate_,4,1,0,0,27285,-11.16,0,0,0,0,0,1,Moderate,Class3,2026,1287757.682,115266,11572,0.955,7452.75,64.761,16645.633,331244.494,0.126,98621,0.227236927,0
p27_utilitypv_class1_moderate_1,20,1,1,0,p27,UtilityPV_Class1_Moderate_,1,1,0,0,18134,-10.64,0,0,0,0,0,1,Moderate,Class1,2026,1148162.788,90120,92315.9,0.965,10606.539,25.13,7037.749,140049.693,0.521,83083,0.291643232,0
p27_utilitypv_class1_moderate_2,20,1,1,0,p27,UtilityPV_Class1_Moderate_,2,1,0,0,18134,-10.64,0,0,0,0,0,1,Moderate,Class1,2026,1148162.788,96523,92240.1,0.965,10333.326,27.569,13440.68,267466.631,0.2,83083,0.288082778,0
p27_utilitypv_class1_moderate_3,20,1,1,0,p27,UtilityPV_Class1_Moderate_,3,1,0,0,18134,-10.64,0,0,0,0,0,1,Moderate,Class1,2026,1148162.788,102408,92377.8,0.965,10369.002,29.827,19325.58,384574.884,0.239,83083,0.288083047,0
p27_utilitypv_class1_moderate_4,20,1,1,0,p27,UtilityPV_Class1_Moderate_,4,1,0,0,18134,-10.64,0,0,0,0,0,1,Moderate,Class1,2026,1148162.788,106176,92143.1,0.965,10662.898,31.755,23093.456,459554.79,0.576,83083,0.288670927,0
p28_landbasedwind_class3_moderate_1,21,1,1,0,p28,LandbasedWind_Class3_Moderate_,1,1,0,0,27285,-11.16,0,0,0,0,0,1,Moderate,Class3,2026,1287757.682,116140,10470.4,0.955,7027.75,44.853,17519.45,348633.65,0.094,98621,0.321811467,0
p28_landbasedwind_class3_moderate_2,21,1,1,0,p28,LandbasedWind_Class3_Moderate_,2,1,0,0,27285,-11.16,0,0,0,0,0,1,Moderate,Class3,2026,1287757.682,120275,10453.3,0.955,7164,54.549,21654.904,430929.582,0.139,98621,0.268648982,0
p28_landbasedwind_class3_moderate_3,21,1,1,0,p28,LandbasedWind_Class3_Moderate_,3,1,0,0,27285,-11.16,0,0,0,0,0,1,Moderate,Class3,2026,1287757.682,124684,10411.2,0.955,7150,61.171,26063.375,518658.797,0.156,98621,0.247756377,0
p28_landbasedwind_class3_moderate_4,21,1,1,0,p28,LandbasedWind_Class3_Moderate_,4,1,0,0,27285,-11.16,0,0,0,0,0,1,Moderate,Class3,2026,1287757.682,123190,10393,0.955,7192.75,69.181,24569.496,488930.524,0.177,98621,0.216746211,0
p28_utilitypv_class1_moderate_1,21,1,1,0,p28,UtilityPV_Class1_Moderate_,1,1,0,0,18134,-10.64,0,0,0,0,0,1,Moderate,Class1,2026,1148162.788,88165,67939,0.965,8945.854,25.032,5082.096,101132.61,1.657,83083,0.274896532,0
p28_utilitypv_class1_moderate_2,21,1,1,0,p28,UtilityPV_Class1_Moderate_,2,1,0,0,18134,-10.64,0,0,0,0,0,1,Moderate,Class1,2026,1148162.788,94402,67867.3,0.965,7852.661,27.069,11319.548,225256.555,0.546,83083,0.271544784,0
p28_utilitypv_class1_moderate_3,21,1,1,0,p28,UtilityPV_Class1_Moderate_,3,1,0,0,18134,-10.64,0,0,0,0,0,1,Moderate,Class1,2026,1148162.788,101830,67839,0.965,7757.393,29.367,18747.561,373072.415,0.302,83083,0.291559339,0
p28_utilitypv_class1_moderate_4,21,1,1,0,p28,UtilityPV_Class1_Moderate_,4,1,0,0,18134,-10.64,0,0,0,0,0,1,Moderate,Class1,2026,1148162.788,116459,67819.6,0.965,7796.834,34.978,33376.014,664179.318,0.279,83083,0.287202001,0
p29_landbasedwind_class3_moderate_1,22,1,1,0,p29,LandbasedWind_Class3_Moderate_,1,1,0,0,27285,-11.16,0,0,0,0,0,1,Moderate,Class3,2026,1287757.682,112104,31606,0.955,20666.75,39.546,13483.205,268312.868,0.125,98621,0.353759825,0
p29_landbasedwind_class3_moderate_2,22,1,1,0,p29,LandbasedWind_Class3_Moderate_,2,1,0,0,27285,-11.16,0,0,0,0,0,1,Moderate,Class3,2026,1287757.682,113740,31578.9,0.955,20643.25,46.124,15119.281,300870.438,0.123,98621,0.304568797,0
p29_landbasedwind_class3_moderate_3,22,1,1,0,p29,LandbasedWind_Class3_Moderate_,3,1,0,0,27285,-11.16,0,0,0,0,0,1,Moderate,Class3,2026,1287757.682,115210,31586.4,0.955,20402.25,51.728,16589.169,330120.882,0.124,98621,0.274392188,0
p29_landbasedwind_class3_moderate_4,22,1,1,0,p29,LandbasedWind_Class3_Moderate_,4,1,0,0,27285,-11.16,0,0,0,0,0,1,Moderate,Class3,2026,1287757.682,117349,31576.6,0.955,20965,60.81,18728.437,372691.85,0.135,98621,0.237936214,0
p29_utilitypv_class1_moderate_1,22,1,1,0,p29,UtilityPV_Class1_Moderate_,1,1,0,0,18134,-10.64,0,0,0,0,0,1,Moderate,Class1,2026,1148162.788,91680,193982.3,0.965,21710.2,25.788,8597.746,171093.285,0.264,83083,0.299872309,0
p29_utilitypv_class1_moderate_2,22,1,1,0,p29,UtilityPV_Class1_Moderate_,2,1,0,0,18134,-10.64,0,0,0,0,0,1,Moderate,Class1,2026,1148162.788,97376,193850.2,0.965,21696.356,27.737,14293.675,284441.054,0.167,83083,0.295551509,0
p29_utilitypv_class1_moderate_3,22,1,1,0,p29,UtilityPV_Class1_Moderate_,3,1,0,0,18134,-10.64,0,0,0,0,0,1,Moderate,Class1,2026,1148162.788,101569,193907.1,0.965,21922.486,29.39,18486.67,367880.753,0.267,83083,0.281980783,0
p29_utilitypv_class1_moderate_4,22,1,1,0,p29,UtilityPV_Class1_Moderate_,4,1,0,0,18134,-10.64,0,0,0,0,0,1,Moderate,Class1,2026,1148162.788,105915,193796.3,0.965,22289.943,31.348,22832.643,454364.668,0.455,83083,0.260241032,0
p3_landbasedwind_class3_moderate_1,23,1,1,0,p3,LandbasedWind_Class3_Moderate_,1,1,0,0,27285,-11.16,0,0,0,0,0,1,Moderate,Class3,2026,1287757.682,144155,6605.7,1.266,4509.25,40.381,13443.872,267530.159,0.31,130712,0.40671593,0
p3_landbasedwind_class3_moderate_2,23,1,1,0,p3,LandbasedWind_Class3_Moderate_,2,1,0,0,27285,-11.16,0,0,0,0,0,1,Moderate,Class3,2026,1287757.682,144700,6593.4,1.266,4418.75,43.215,13988.6,278370.118,0.294,130712,0.379844636,0
p3_landbasedwind_class3_moderate_3,23,1,1,0,p3,LandbasedWind_Class3_Moderate_,3,1,0,0,27285,-11.16,0,0,0,0,0,1,Moderate,Class3,2026,1287757.682,147085,6585.8,1.266,4227.5,46.27,16373.414,325827.398,0.18,130712,0.360723674,0
p3_landbasedwind_class3_moderate_4,23,1,1,0,p3,LandbasedWind_Class3_Moderate_,4,1,0,0,27285,-11.16,0,0,0,0,0,1,Moderate,Class3,2026,1287757.682,146835,6591,1.266,5525.5,59.027,16123.311,320850.407,0.454,130712,0.284624457,0
p3_utilitypv_class1_moderate_1,23,1,1,0,p3,UtilityPV_Class1_Moderate_,1,1,0,0,18134,-10.64,0,0,0,0,0,1,Moderate,Class1,2026,1148162.788,93086,49644.6,0.989,6453.106,31.922,7934.247,157889.804,1.856,85152,0.26339826,0
p3_utilitypv_class1_moderate_2,23,1,1,0,p3,UtilityPV_Class1_Moderate_,2,1,0,0,18134,-10.64,0,0,0,0,0,1,Moderate,Class1,2026,1148162.788,97437,49622.8,0.989,5608.406,33.396,12285.441,244477.633,0.486,85152,0.265345991,0
p3_utilitypv_class1_moderate_3,23,1,1,0,p3,UtilityPV_Class1_Moderate_,3,1,0,0,18134,-10.64,0,0,0,0,0,1,Moderate,Class1,2026,1148162.788,100828,49605.2,0.989,5568.633,34.676,15676.95,311967.913,0.406,85152,0.265730619,0
p3_utilitypv_class1_moderate_4,23,1,1,0,p3,UtilityPV_Class1_Moderate_,4,1,0,0,18134,-10.64,0,0,0,0,0,1,Moderate,Class1,2026,1148162.788,107102,49432.3,0.989,5731.323,37.843,21950.86,436817.372,1.042,85152,0.270084113,0
p30_landbasedwind_class3_moderate_1,24,1,1,0,p30,LandbasedWind_Class3_Moderate_,1,1,0,0,27285,-11.16,0,0,0,0,0,1,Moderate,Class3,2026,1287757.682,115884,8937.1,0.955,6151,42.418,17263.473,343539.381,0.205,98621,0.337616652,0
p30_landbasedwind_class3_moderate_2,24,1,1,0,p30,LandbasedWind_Class3_Moderate_,2,1,0,0,27285,-11.16,0,0,0,0,0,1,Moderate,Class3,2026,1287757.682,113683,8812.4,0.955,6023.75,50.292,15062.491,299740.328,0.197,98621,0.277272612,0
p30_landbasedwind_class3_moderate_3,24,1,1,0,p30,LandbasedWind_Class3_Moderate_,3,1,0,0,27285,-11.16,0,0,0,0,0,1,Moderate,Class3,2026,1287757.682,112880,8859.4,0.955,6295.25,57.602,14259.387,283758.717,0.232,98621,0.2392129,0
p30_landbasedwind_class3_moderate_4,24,1,1,0,p30,LandbasedWind_Class3_Moderate_,4,1,0,0,27285,-11.16,0,0,0,0,0,1,Moderate,Class3,2026,1287757.682,113126,8865.4,0.955,6165,67.57,14505.88,288663.881,0.236,98621,0.203736842,0
p30_utilitypv_class1_moderate_1,24,1,1,0,p30,UtilityPV_Class1_Moderate_,1,1,0,0,18134,-10.64,0,0,0,0,0,1,Moderate,Class1,2026,1148162.788,90278,65288.7,0.965,8014.86,25.747,7195.331,143185.53,1.086,83083,0.27282232,0
p30_utilitypv_class1_moderate_2,24,1,1,0,p30,UtilityPV_Class1_Moderate_,2,1,0,0,18134,-10.64,0,0,0,0,0,1,Moderate,Class1,2026,1148162.788,96114,65120.1,0.965,7409.712,27.549,13031.232,259318.712,0.539,83083,0.294687957,0
p30_utilitypv_class1_moderate_3,24,1,1,0,p30,UtilityPV_Class1_Moderate_,3,1,0,0,18134,-10.64,0,0,0,0,0,1,Moderate,Class1,2026,1148162.788,100236,65236,0.965,7388.846,28.908,17153.889,341358.693,0.346,83083,0.301047593,0
p30_utilitypv_class1_moderate_4,24,1,1,0,p30,UtilityPV_Class1_Moderate_,4,1,0,0,18134,-10.64,0,0,0,0,0,1,Moderate,Class1,2026,1148162.788,106461,65038,0.965,7357.436,30.679,23378.694,465230.974,0.291,83083,0.300084531,0
p31_landbasedwind_class3_moderate_1,25,1,1,0,p31,LandbasedWind_Class3_Moderate_,1,1,0,0,27285,-11.16,0,0,0,0,0,1,Moderate,Class3,2026,1287757.682,113115,18285,0.955,11424,29.464,14494.303,288433.507,0.061,98621,0.48442778,0
p31_landbasedwind_class3_moderate_2,25,1,1,0,p31,LandbasedWind_Class3_Moderate_,2,1,0,0,27285,-11.16,0,0,0,0,0,1,Moderate,Class3,2026,1287757.682,115129,18231.2,0.955,12257.5,37.775,16508.444,328514.524,0.16,98621,0.380173683,0
p31_landbasedwind_class3_moderate_3,25,1,1,0,p31,LandbasedWind_Class3_Moderate_,3,1,0,0,27285,-11.16,0,0,0,0,0,1,Moderate,Class3,2026,1287757.682,117247,18219.2,0.955,12346.25,46.312,18626.507,370664.617,0.177,98621,0.313255847,0
p31_landbasedwind_class3_moderate_4,25,1,1,0,p31,LandbasedWind_Class3_Moderate_,4,1,0,0,27285,-11.16,0,0,0,0,0,1,Moderate,Class3,2026,1287757.682,123188,18205.8,0.955,12615.5,58.655,24567.77,488896.114,0.193,98621,0.259366542,0
p31_utilitypv_class1_moderate_1,25,1,1,0,p31,UtilityPV_Class1_Moderate_,1,1,0,0,18134,-10.64,0,0,0,0,0,1,Moderate,Class1,2026,1148162.788,90434,128130.8,0.965,15316.5,25.044,7351.154,146286.378,0.838,83083,0.258347213,0
p31_utilitypv_class1_moderate_2,25,1,1,0,p31,UtilityPV_Class1_Moderate_,2,1,0,0,18134,-10.64,0,0,0,0,0,1,Moderate,Class1,2026,1148162.788,96691,127987.9,0.965,14467.78,27.195,13608.936,270814.897,0.27,83083,0.279493511,0
p31_utilitypv_class1_moderate_3,25,1,1,0,p31,UtilityPV_Class1_Moderate_,3,1,0,0,18134,-10.64,0,0,0,0,0,1,Moderate,Class1,2026,1148162.788,103201,128098.9,0.965,14348.003,29.513,20118.203,400347.9,0.187,83083,0.287680328,0
p31_utilitypv_class1_moderate_4,25,1,1,0,p31,UtilityPV_Class1_Moderate_,4,1,0,0,18134,-10.64,0,0,0,0,0,1,Moderate,Class1,2026,1148162.788,117878,127911.4,0.965,14512.11,35.584,34795.697,692431.337,0.357,83083,0.282441854,0
p32_landbasedwind_class3_moderate_1,26,1,1,0,p32,LandbasedWind_Class3_Moderate_,1,1,0,0,27285,-11.16,0,0,0,0,0,1,Moderate,Class3,2026,1287757.682,114277,26268.8,0.955,16628.25,27.829,15656.035,311551.711,0.124,98621,0.516104698,0
p32_landbasedwind_class3_moderate_2,26,1,1,0,p32,LandbasedWind_Class3_Moderate_,2,1,0,0,27285,-11.16,0,0,0,0,0,1,Moderate,Class3,2026,1287757.682,115730,26274.2,0.955,16793.25,29.613,17109.235,340470.087,0.133,98621,0.490282744,0
p32_landbasedwind_class3_moderate_3,26,1,1,0,p32,LandbasedWind_Class3_Moderate_,3,1,0,0,27285,-11.16,0,0,0,0,0,1,Moderate,Class3,2026,1287757.682,115901,26296.5,0.955,16774.75,31.478,17280.415,343876.52,0.12,98621,0.461434394,0
p32_landbasedwind_class3_moderate_4,26,1,1,0,p32,LandbasedWind_Class3_Moderate_,4,1,0,0,27285,-11.16,0,0,0,0,0,1,Moderate,Class3,2026,1287757.682,114766,26224.4,0.955,16730.75,35.875,16145.993,321301.773,0.102,98621,0.402245224,0
p32_utilitypv_class1_moderate_1,26,1,1,0,p32,UtilityPV_Class1_Moderate_,1,1,0,0,18134,-10.64,0,0,0,0,0,1,Moderate,Class1,2026,1148162.788,92757,156836.8,0.977,17724.332,28.299,8704.757,173222.787,0.349,84053,0.262001485,0
p32_utilitypv_class1_moderate_2,26,1,1,0,p32,UtilityPV_Class1_Moderate_,2,1,0,0,18134,-10.64,0,0,0,0,0,1,Moderate,Class1,2026,1148162.788,98576,156770,0.977,17540.518,30.467,14523.616,289016.821,0.185,84053,0.263190061,0
p32_utilitypv_class1_moderate_3,26,1,1,0,p32,UtilityPV_Class1_Moderate_,3,1,0,0,18134,-10.64,0,0,0,0,0,1,Moderate,Class1,2026,1148162.788,102683,156680.5,0.977,17430.848,32.136,18630.451,370741.959,0.137,84053,0.265988499,0
p32_utilitypv_class1_moderate_4,26,1,1,0,p32,UtilityPV_Class1_Moderate_,4,1,0,0,18134,-10.64,0,0,0,0,0,1,Moderate,Class1,2026,1148162.788,107783,156716.6,0.977,17469.903,34.194,23730.306,472227.963,0.178,84053,0.26414603,0
p33_landbasedwind_class3_moderate_1,27,1,1,0,p33,LandbasedWind_Class3_Moderate_,1,1,0,0,27285,-11.16,0,0,0,0,0,1,Moderate,Class3,2026,1287757.682,116332,9895.6,0.955,6301.5,31.149,17711.504,352455.112,0.168,98621,0.467060268,0
p33_landbasedwind_class3_moderate_2,27,1,1,0,p33,LandbasedWind_Class3_Moderate_,2,1,0,0,27285,-11.16,0,0,0,0,0,1,Moderate,Class3,2026,1287757.682,116575,9909.9,0.955,6318,33.715,17954.186,357284.939,0.186,98621,0.431687504,0
p33_landbasedwind_class3_moderate_3,27,1,1,0,p33,LandbasedWind_Class3_Moderate_,3,1,0,0,27285,-11.16,0,0,0,0,0,1,Moderate,Class3,2026,1287757.682,116361,9887.5,0.955,7017,40.163,17740.276,353011.509,0.26,98621,0.360019445,0
p33_landbasedwind_class3_moderate_4,27,1,1,0,p33,LandbasedWind_Class3_Moderate_,4,1,0,0,27285,-11.16,0,0,0,0,0,1,Moderate,Class3,2026,1287757.682,127425,9877.5,0.955,7520,56.748,28804.24,573149.115,0.358,98621,0.279824942,0
p33_utilitypv_class1_moderate_1,27,1,1,0,p33,UtilityPV_Class1_Moderate_,1,1,0,0,18134,-10.64,0,0,0,0,0,1,Moderate,Class1,2026,1148162.788,90294,74835.3,0.977,10302.993,27.17,6241.349,124201.507,2.327,84053,0.263314426,0
p33_utilitypv_class1_moderate_2,27,1,1,0,p33,UtilityPV_Class1_Moderate_,2,1,0,0,18134,-10.64,0,0,0,0,0,1,Moderate,Class1,2026,1148162.788,97702,74719.4,0.977,8833.31,29.547,13649.704,271626.164,0.655,84053,0.279840648,0
p33_utilitypv_class1_moderate_3,27,1,1,0,p33,UtilityPV_Class1_Moderate_,3,1,0,0,18134,-10.64,0,0,0,0,0,1,Moderate,Class1,2026,1148162.788,106174,74782.5,0.977,8467.188,32.631,22121.042,440203.598,0.411,84053,0.250717014,0
p33_utilitypv_class1_moderate_4,27,1,1,0,p33,UtilityPV_Class1_Moderate_,4,1,0,0,18134,-10.64,0,0,0,0,0,1,Moderate,Class1,2026,1148162.788,124008,74746.2,0.977,8455.685,39.258,39955.712,795006.578,0.365,84053,0.289623201,0
p34_landbasedwind_class3_moderate_1,28,1,1,0,p34,LandbasedWind_Class3_Moderate_,1,1,0,0,27285,-11.16,0,0,0,0,0,1,Moderate,Class3,2026,1287757.682,115299,18969.3,0.955,12232.25,31.957,16678.852,331905.722,0.172,98621,0.452917039,0
p34_landbasedwind_class3_moderate_2,28,1,1,0,p34,LandbasedWind_Class3_Moderate_,2,1,0,0,27285,-11.16,0,0,0,0,0,1,Moderate,Class3,2026,1287757.682,117239,18986.2,0.955,12096.25,37.246,18618.944,370513.557,0.09,98621,0.391718239,0
p34_landbasedwind_class3_moderate_3,28,1,1,0,p34,LandbasedWind_Class3_Moderate_,3,1,0,0,27285,-11.16,0,0,0,0,0,1,Moderate,Class3,2026,1287757.682,117180,19013.8,0.955,12727.75,43.257,18559.653,369333.245,0.145,98621,0.336365372,0
p34_landbasedwind_class3_moderate_4,28,1,1,0,p34,LandbasedWind_Class3_Moderate_,4,1,0,0,27285,-11.16,0,0,0,0,0,1,Moderate,Class3,2026,1287757.682,123541,18865.3,0.955,13668.5,55.281,24920.864,495920.573,0.306,98621,0.278207541,0
p34_utilitypv_class1_moderate_1,28,1,1,0,p34,UtilityPV_Class1_Moderate_,1,1,0,0,18134,-10.64,0,0,0,0,0,1,Moderate,Class1,2026,1148162.788,93662,140414.8,0.977,16636.447,27.169,9609.265,191222.293,0.937,84053,0.266832292,0
p34_utilitypv_class1_moderate_2,28,1,1,0,p34,UtilityPV_Class1_Moderate_,2,1,0,0,18134,-10.64,0,0,0,0,0,1,Moderate,Class1,2026,1148162.788,100013,140238,0.977,15776.25,29.287,15960.69,317614.294,0.32,84053,0.283468604,0
p34_utilitypv_class1_moderate_3,28,1,1,0,p34,UtilityPV_Class1_Moderate_,3,1,0,0,18134,-10.64,0,0,0,0,0,1,Moderate,Class1,2026,1148162.788,105652,140231.9,0.977,15688.409,31.182,21599.198,429819.374,0.174,84053,0.277767777,0
p34_utilitypv_class1_moderate_4,28,1,1,0,p34,UtilityPV_Class1_Moderate_,4,1,0,0,18134,-10.64,0,0,0,0,0,1,Moderate,Class1,2026,1148162.788,120845,140256.6,0.977,16434.061,37.016,36792.017,732155.854,0.834,84053,0.270949095,0
p4_landbasedwind_class3_moderate_1,29,1,1,0,p4,LandbasedWind_Class3_Moderate_,1,1,0,0,27285,-11.16,0,0,0,0,0,1,Moderate,Class3,2026,1287757.682,143550,6033.4,1.266,4038,45.005,12838.139,255476.187,0.267,130712,0.363966823,0
p4_landbasedwind_class3_moderate_2,29,1,1,0,p4,LandbasedWind_Class3_Moderate_,2,1,0,0,27285,-11.16,0,0,0,0,0,1,Moderate,Class3,2026,1287757.682,146125,6079.6,1.266,4100.75,51.23,15413.554,306726.403,0.228,130712,0.323420554,0
p4_landbasedwind_class3_moderate_3,29,1,1,0,p4,LandbasedWind_Class3_Moderate_,3,1,0,0,27285,-11.16,0,0,0,0,0,1,Moderate,Class3,2026,1287757.682,147049,6033.2,1.266,4642.5,56.847,16337.27,325108.156,0.425,130712,0.292856008,0
p4_landbasedwind_class3_moderate_4,29,1,1,0,p4,LandbasedWind_Class3_Moderate_,4,1,0,0,27285,-11.16,0,0,0,0,0,1,Moderate,Class3,2026,1287757.682,153884,5920.1,1.266,4105,67.157,23172.763,461133.506,0.251,130712,0.257919252,0
p4_utilitypv_class1_moderate_1,29,1,1,0,p4,UtilityPV_Class1_Moderate_,1,1,0,0,18134,-10.64,0,0,0,0,0,1,Moderate,Class1,2026,1148162.788,92449,46012.5,0.989,5357.303,30.283,7297.408,145216.841,1.053,85152,0.278213829,0
p4_utilitypv_class1_moderate_2,29,1,1,0,p4,UtilityPV_Class1_Moderate_,2,1,0,0,18134,-10.64,0,0,0,0,0,1,Moderate,Class1,2026,1148162.788,97253,45984.4,0.989,5262.618,32.941,12101.584,240818.901,0.738,85152,0.267365515,0
p4_utilitypv_class1_moderate_3,29,1,1,0,p4,UtilityPV_Class1_Moderate_,3,1,0,0,18134,-10.64,0,0,0,0,0,1,Moderate,Class1,2026,1148162.788,103635,46076.7,0.989,5247.792,35.156,18483.229,367812.28,0.492,85152,0.27565679,0
p4_utilitypv_class1_moderate_4,29,1,1,0,p4,UtilityPV_Class1_Moderate_,4,1,0,0,18134,-10.64,0,0,0,0,0,1,Moderate,Class1,2026,1148162.788,117344,45889.5,0.989,5176.868,40.327,32192.699,640628.182,0.472,85152,0.273064762,0
p5_landbasedwind_class3_moderate_1,30,1,1,0,p5,LandbasedWind_Class3_Moderate_,1,1,0,0,27285,-11.16,0,0,0,0,0,1,Moderate,Class3,2026,1287757.682,149503,3084.6,1.266,2343,38.483,18791.433,373945.46,0.295,130712,0.451217622,0
p5_landbasedwind_class3_moderate_2,30,1,1,0,p5,LandbasedWind_Class3_Moderate_,2,1,0,0,27285,-11.16,0,0,0,0,0,1,Moderate,Class3,2026,1287757.682,148292,2960.4,1.266,2864.5,47.475,17580.666,349851.567,0.583,130712,0.357443064,0
p5_landbasedwind_class3_moderate_3,30,1,1,0,p5,LandbasedWind_Class3_Moderate_,3,1,0,0,27285,-11.16,0,0,0,0,0,1,Moderate,Class3,2026,1287757.682,150304,3014.1,1.266,3413,54.866,19592.405,389885.465,0.762,130712,0.313162744,0
p5_landbasedwind_class3_moderate_4,30,1,1,0,p5,LandbasedWind_Class3_Moderate_,4,1,0,0,27285,-11.16,0,0,0,0,0,1,Moderate,Class3,2026,1287757.682,154756,3005.6,1.266,3169.75,66.774,24044.327,478477.544,0.799,130712,0.267585188,0
p5_utilitypv_class1_moderate_1,30,1,1,0,p5,UtilityPV_Class1_Moderate_,1,1,0,0,18134,-10.64,0,0,0,0,0,1,Moderate,Class1,2026,1148162.788,94459,27692.5,0.989,5638.923,33.21,9307.901,185225.223,5.866,85152,0.180425256,0
p5_utilitypv_class1_moderate_2,30,1,1,0,p5,UtilityPV_Class1_Moderate_,2,1,0,0,18134,-10.64,0,0,0,0,0,1,Moderate,Class1,2026,1148162.788,103273,27576.5,0.989,4052.017,36.377,18121.728,360618.486,2.836,85152,0.189556375,0
p5_utilitypv_class1_moderate_3,30,1,1,0,p5,UtilityPV_Class1_Moderate_,3,1,0,0,18134,-10.64,0,0,0,0,0,1,Moderate,Class1,2026,1148162.788,106565,27614.1,0.989,3565.57,37.989,21413.318,426120.407,1.786,85152,0.16206713,0
p5_utilitypv_class1_moderate_4,30,1,1,0,p5,UtilityPV_Class1_Moderate_,4,1,0,0,18134,-10.64,0,0,0,0,0,1,Moderate,Class1,2026,1148162.788,110970,27595.1,0.989,3466.493,41.444,25818.456,513781.852,1.702,85152,0.101529799,0
p5_offshorewind_class3_moderate_fixed_1_1,30,1,1,0,p5,OffShoreWind_Class3_Moderate_fixed_1,1,1,0,0,73503,0,0,0,0,0,0,1,Moderate,Class3,2026,2793055.479,328200,169840.7,1,0,95.615,101812.852,1998467.514,0,226388,0.555023432,0
p5_offshorewind_class3_moderate_fixed_1_2,30,1,1,0,p5,OffShoreWind_Class3_Moderate_fixed_1,2,1,0,0,73503,0,0,0,0,0,0,1,Moderate,Class3,2026,2793055.479,308022,169803.2,1,0,109.807,81634.866,1596646.075,0,226388,0.450671673,0
p5_offshorewind_class3_moderate_fixed_0_1,30,1,1,0,p5,OffShoreWind_Class3_Moderate_fixed_0,1,1,0,0,73503,0,0,0,0,0,0,1,Moderate,Class3,2026,2793055.479,328200,169840.7,1,0,95.615,101812.852,1998467.514,0,226388,0.555023432,0
p5_offshorewind_class3_moderate_fixed_0_2,30,1,1,0,p5,OffShoreWind_Class3_Moderate_fixed_0,2,1,0,0,73503,0,0,0,0,0,0,1,Moderate,Class3,2026,2793055.479,308022,169803.2,1,0,109.807,81634.866,1596646.075,0,226388,0.450671673,0
p5_offshorewind_class12_moderate_floating_0_1,30,1,1,0,p5,OffShoreWind_Class12_Moderate_floating_0,1,1,0,0,64011,0,0,0,0,0,0,1,Moderate,Class12,2030,4415942.658,460748,169840.7,1,0,95.615,101812.852,1998467.514,0,358936,0.555023432,0
p5_offshorewind_class12_moderate_floating_0_2,30,1,1,0,p5,OffShoreWind_Class12_Moderate_floating_0,2,1,0,0,64011,0,0,0,0,0,0,1,Moderate,Class12,2030,4415942.658,440570,169803.2,1,0,109.807,81634.866,1596646.075,0,358936,0.450671673,0
p59_landbasedwind_class3_moderate_1,31,1,1,0,p59,LandbasedWind_Class3_Moderate_,1,1,0,0,27285,-11.16,0,0,0,0,0,1,Moderate,Class3,2026,1287757.682,112493,15761.4,0.955,9800.5,33.081,13872.605,276061.843,0.028,98621,0.423060834,0
p59_landbasedwind_class3_moderate_2,31,1,1,0,p59,LandbasedWind_Class3_Moderate_,2,1,0,0,27285,-11.16,0,0,0,0,0,1,Moderate,Class3,2026,1287757.682,112367,15683.9,0.955,9875.5,38.937,13746.021,273542.859,0.062,98621,0.356431514,0
p59_landbasedwind_class3_moderate_3,31,1,1,0,p59,LandbasedWind_Class3_Moderate_,3,1,0,0,27285,-11.16,0,0,0,0,0,1,Moderate,Class3,2026,1287757.682,114336,15706.5,0.955,10062.75,42.899,15715.105,312727.192,0.071,98621,0.32847482,0
p59_landbasedwind_class3_moderate_4,31,1,1,0,p59,LandbasedWind_Class3_Moderate_,4,1,0,0,27285,-11.16,0,0,0,0,0,1,Moderate,Class3,2026,1287757.682,117019,15705.2,0.955,10545.75,54.062,18398.076,366117.74,0.131,98621,0.2683236,0
p59_utilitypv_class1_moderate_1,31,1,1,0,p59,UtilityPV_Class1_Moderate_,1,1,0,0,18134,-10.64,0,0,0,0,0,1,Moderate,Class1,2026,1148162.788,90939,102492.2,0.965,11773.416,25.2,7856.748,156347.586,0.359,83083,0.273592055,0
p59_utilitypv_class1_moderate_2,31,1,1,0,p59,UtilityPV_Class1_Moderate_,2,1,0,0,18134,-10.64,0,0,0,0,0,1,Moderate,Class1,2026,1148162.788,96200,102620.6,0.965,11638.283,27.058,13117.659,261038.594,0.304,83083,0.276728958,0
p59_utilitypv_class1_moderate_3,31,1,1,0,p59,UtilityPV_Class1_Moderate_,3,1,0,0,18134,-10.64,0,0,0,0,0,1,Moderate,Class1,2026,1148162.788,100691,102383.3,0.965,11523.745,28.497,17608.539,350406.134,0.205,83083,0.28547278,0
p59_utilitypv_class1_moderate_4,31,1,1,0,p59,UtilityPV_Class1_Moderate_,4,1,0,0,18134,-10.64,0,0,0,0,0,1,Moderate,Class1,2026,1148162.788,105782,102464.1,0.965,11427.016,30.401,22699.211,451709.41,0.115,83083,0.296618342,0
p6_landbasedwind_class3_moderate_1,32,1,1,0,p6,LandbasedWind_Class3_Moderate_,1,1,0,0,27285,-11.16,0,0,0,0,0,1,Moderate,Class3,2026,1287757.682,160457,4016.4,1.266,2659.75,45.968,29745.345,591926.437,0.125,130712,0.392845243,0
p6_landbasedwind_class3_moderate_2,32,1,1,0,p6,LandbasedWind_Class3_Moderate_,2,1,0,0,27285,-11.16,0,0,0,0,0,1,Moderate,Class3,2026,1287757.682,160662,4016.4,1.266,2542.5,53.211,29950.667,596012.038,0.069,130712,0.34217608,0
p6_landbasedwind_class3_moderate_3,32,1,1,0,p6,LandbasedWind_Class3_Moderate_,3,1,0,0,27285,-11.16,0,0,0,0,0,1,Moderate,Class3,2026,1287757.682,161356,3966.8,1.266,2536,59.824,30644.184,609812.986,0.109,130712,0.303084552,0
p6_landbasedwind_class3_moderate_4,32,1,1,0,p6,LandbasedWind_Class3_Moderate_,4,1,0,0,27285,-11.16,0,0,0,0,0,1,Moderate,Class3,2026,1287757.682,159749,3980,1.266,3014.5,68.384,29037.931,577848.631,0.342,130712,0.265331805,0
p6_utilitypv_class1_moderate_1,32,1,1,0,p6,UtilityPV_Class1_Moderate_,1,1,0,0,18134,-10.64,0,0,0,0,0,1,Moderate,Class1,2026,1148162.788,102608,44936.5,0.989,5750.697,31.496,17456.397,347378.542,1.235,85152,0.270405829,0
p6_utilitypv_class1_moderate_2,32,1,1,0,p6,UtilityPV_Class1_Moderate_,2,1,0,0,18134,-10.64,0,0,0,0,0,1,Moderate,Class1,2026,1148162.788,113664,44842.2,0.989,5167.764,35.051,28512.528,567393.164,0.41,85152,0.285263151,0
p6_utilitypv_class1_moderate_3,32,1,1,0,p6,UtilityPV_Class1_Moderate_,3,1,0,0,18134,-10.64,0,0,0,0,0,1,Moderate,Class1,2026,1148162.788,117991,44899.6,0.989,5124.451,36.864,32839.812,653505.684,0.266,85152,0.27600956,0
p6_utilitypv_class1_moderate_4,32,1,1,0,p6,UtilityPV_Class1_Moderate_,4,1,0,0,18134,-10.64,0,0,0,0,0,1,Moderate,Class1,2026,1148162.788,122375,44847,0.989,5264.146,39.677,37223.241,740734.861,0.787,85152,0.237717763,0
p7_landbasedwind_class3_moderate_1,33,1,1,0,p7,LandbasedWind_Class3_Moderate_,1,1,0,0,27285,-11.16,0,0,0,0,0,1,Moderate,Class3,2026,1287757.682,145833,5467.8,1.266,3667.25,41.798,15121.452,300913.641,0.196,130712,0.38951689,0
p7_landbasedwind_class3_moderate_2,33,1,1,0,p7,LandbasedWind_Class3_Moderate_,2,1,0,0,27285,-11.16,0,0,0,0,0,1,Moderate,Class3,2026,1287757.682,146351,5453.4,1.266,3800.25,52.589,15639.156,311215.838,0.233,130712,0.297980219,0
p7_landbasedwind_class3_moderate_3,33,1,1,0,p7,LandbasedWind_Class3_Moderate_,3,1,0,0,27285,-11.16,0,0,0,0,0,1,Moderate,Class3,2026,1287757.682,146897,5472.5,1.266,3994,60.732,16185.346,322084.884,0.264,130712,0.263599396,0
p7_landbasedwind_class3_moderate_4,33,1,1,0,p7,LandbasedWind_Class3_Moderate_,4,1,0,0,27285,-11.16,0,0,0,0,0,1,Moderate,Class3,2026,1287757.682,147003,5439.2,1.266,3557.75,69.659,16291.681,324200.943,0.167,130712,0.229522675,0
p7_utilitypv_class1_moderate_1,33,1,1,0,p7,UtilityPV_Class1_Moderate_,1,1,0,0,18134,-10.64,0,0,0,0,0,1,Moderate,Class1,2026,1148162.788,91202,61361.8,0.989,7436.391,28.027,6050.11,120395.884,0.952,85152,0.249575362,0
p7_utilitypv_class1_moderate_2,33,1,1,0,p7,UtilityPV_Class1_Moderate_,2,1,0,0,18134,-10.64,0,0,0,0,0,1,Moderate,Class1,2026,1148162.788,97734,61154.9,0.989,6845.951,30.304,12582.395,250386.954,0.214,85152,0.26222226,0
p7_utilitypv_class1_moderate_3,33,1,1,0,p7,UtilityPV_Class1_Moderate_,3,1,0,0,18134,-10.64,0,0,0,0,0,1,Moderate,Class1,2026,1148162.788,105222,61339.2,0.989,6945.281,33.137,20070.957,399407.713,0.405,85152,0.277256578,0
p7_utilitypv_class1_moderate_4,33,1,1,0,p7,UtilityPV_Class1_Moderate_,4,1,0,0,18134,-10.64,0,0,0,0,0,1,Moderate,Class1,2026,1148162.788,111102,61175.7,0.989,6951.83,35.867,25950.349,516406.349,0.426,85152,0.271294743,0
p8_landbasedwind_class3_moderate_1,34,1,1,0,p8,LandbasedWind_Class3_Moderate_,1,1,0,0,27285,-11.16,0,0,0,0,0,1,Moderate,Class3,2026,1287757.682,144205,2113.4,1.266,1347.75,46.038,13493.928,268526.26,0.04,130712,0.361001641,0
p8_landbasedwind_class3_moderate_2,34,1,1,0,p8,LandbasedWind_Class3_Moderate_,2,1,0,0,27285,-11.16,0,0,0,0,0,1,Moderate,Class3,2026,1287757.682,147323,2021.1,1.266,1376,56.503,16611.369,330562.653,0.134,130712,0.323752731,0
p8_landbasedwind_class3_moderate_3,34,1,1,0,p8,LandbasedWind_Class3_Moderate_,3,1,0,0,27285,-11.16,0,0,0,0,0,1,Moderate,Class3,2026,1287757.682,150205,2039.8,1.266,1504.5,64.419,19493.017,387906.829,0.199,130712,0.308641911,0
p8_landbasedwind_class3_moderate_4,34,1,1,0,p8,LandbasedWind_Class3_Moderate_,4,1,0,0,27285,-11.16,0,0,0,0,0,1,Moderate,Class3,2026,1287757.682,150402,2048.9,1.266,1545,71.637,19690.714,391840.955,0.306,130712,0.277438343,0
p8_utilitypv_class1_moderate_1,34,1,1,0,p8,UtilityPV_Class1_Moderate_,1,1,0,0,18134,-10.64,0,0,0,0,0,1,Moderate,Class1,2026,1148162.788,95092,29658.9,0.989,3525.219,28.101,9940.239,197808.617,1.157,85152,0.287937164,0
p8_utilitypv_class1_moderate_2,34,1,1,0,p8,UtilityPV_Class1_Moderate_,2,1,0,0,18134,-10.64,0,0,0,0,0,1,Moderate,Class1,2026,1148162.788,103057,29733.5,0.989,3408.695,31.202,17905.522,356316.032,0.951,85152,0.290773481,0
p8_utilitypv_class1_moderate_3,34,1,1,0,p8,UtilityPV_Class1_Moderate_,3,1,0,0,18134,-10.64,0,0,0,0,0,1,Moderate,Class1,2026,1148162.788,104802,29621.7,0.989,3693.669,32.803,19650.216,391035.058,1.426,85152,0.291142911,0
p8_utilitypv_class1_moderate_4,34,1,1,0,p8,UtilityPV_Class1_Moderate_,4,1,0,0,18134,-10.64,0,0,0,0,0,1,Moderate,Class1,2026,1148162.788,110184,29577,0.989,3552.242,34.956,25032.49,498141.153,0.815,85152,0.270365477,0
p9_landbasedwind_class3_moderate_1,35,1,1,0,p9,LandbasedWind_Class3_Moderate_,1,1,0,0,27285,-11.16,0,0,0,0,0,1,Moderate,Class3,2026,1287757.682,234571,1452.5,2.109,1259.75,55.604,16822.204,334758.759,0.454,217749,0.417616546,0
p9_landbasedwind_class3_moderate_2,35,1,1,0,p9,LandbasedWind_Class3_Moderate_,2,1,0,0,27285,-11.16,0,0,0,0,0,1,Moderate,Class3,2026,1287757.682,232852,1469.5,2.109,1521.25,65.193,15103.207,300550.714,0.74,217749,0.35822919,0
p9_landbasedwind_class3_moderate_3,35,1,1,0,p9,LandbasedWind_Class3_Moderate_,3,1,0,0,27285,-11.16,0,0,0,0,0,1,Moderate,Class3,2026,1287757.682,230667,1423.6,2.109,2000.25,68.661,12918.706,257079.468,1.254,217749,0.334497035,0
p9_landbasedwind_class3_moderate_4,35,1,1,0,p9,LandbasedWind_Class3_Moderate_,4,1,0,0,27285,-11.16,0,0,0,0,0,1,Moderate,Class3,2026,1287757.682,235890,1443.2,2.109,1595.75,72.933,18141.857,361020.235,0.899,217749,0.324639648,0
p9_utilitypv_class1_moderate_1,35,1,1,0,p9,UtilityPV_Class1_Moderate_,1,1,0,0,18134,-10.64,0,0,0,0,0,1,Moderate,Class1,2026,1148162.788,103035,87773.2,1.084,13829.963,29.086,9736.921,193762.633,3.61,93299,0.305094391,0
p9_utilitypv_class1_moderate_2,35,1,1,0,p9,UtilityPV_Class1_Moderate_,2,1,0,0,18134,-10.64,0,0,0,0,0,1,Moderate,Class1,2026,1148162.788,115395,87748.6,1.084,12422.557,33.213,22096.412,439715.255,2.534,93299,0.302241504,0
p9_utilitypv_class1_moderate_3,35,1,1,0,p9,UtilityPV_Class1_Moderate_,3,1,0,0,18134,-10.64,0,0,0,0,0,1,Moderate,Class1,2026,1148162.788,125387,87814.9,1.084,11794.685,36.051,32088.215,638563.896,2.084,93299,0.292185336,0
p9_utilitypv_class1_moderate_4,35,1,1,0,p9,UtilityPV_Class1_Moderate_,4,1,0,0,18134,-10.64,0,0,0,0,0,1,Moderate,Class1,2026,1148162.788,134964,87691,1.084,11582.819,39.153,41665.666,829153.658,1.975,93299,0.276913762,0
p9_offshorewind_class3_moderate_fixed_1_1,35,1,1,0,p9,OffShoreWind_Class3_Moderate_fixed_1,1,1,0,0,73503,0,0,0,0,0,0,1,Moderate,Class3,2026,2793055.479,395856,85569.5,1.308,0,102.367,99631.547,1948038.319,0,296225,0.595127583,0
p9_offshorewind_class3_moderate_fixed_1_2,35,1,1,0,p9,OffShoreWind_Class3_Moderate_fixed_1,2,1,0,0,73503,0,0,0,0,0,0,1,Moderate,Class3,2026,2793055.479,390763,85498,1.308,0,115.744,94538.382,1848778.019,0,296225,0.566330075,0
p9_offshorewind_class3_moderate_fixed_0_1,35,1,1,0,p9,OffShoreWind_Class3_Moderate_fixed_0,1,1,0,0,73503,0,0,0,0,0,0,1,Moderate,Class3,2026,2793055.479,395856,85569.5,1.308,0,102.367,99631.547,1948038.319,0,296225,0.595127583,0
p9_offshorewind_class3_moderate_fixed_0_2,35,1,1,0,p9,OffShoreWind_Class3_Moderate_fixed_0,2,1,0,0,73503,0,0,0,0,0,0,1,Moderate,Class3,2026,2793055.479,390763,85498,1.308,0,115.744,94538.382,1848778.019,0,296225,0.566330075,0
p9_offshorewind_class12_moderate_floating_0_1,35,1,1,0,p9,OffShoreWind_Class12_Moderate_floating_0,1,1,0,0,64011,0,0,0,0,0,0,1,Moderate,Class12,2030,4415942.658,569293,85569.5,1.308,0,102.367,99631.547,1948038.319,0,469662,0.595127583,0
p9_offshorewind_class12_moderate_floating_0_2,35,1,1,0,p9,OffShoreWind_Class12_Moderate_floating_0,2,1,0,0,64011,0,0,0,0,0,0,1,Moderate,Class12,2030,4415942.658,564200,85498,1.308,0,115.744,94538.382,1848778.019,0,469662,0.566330075,0